Fecha,La Paz,Cochabamba,Santa Cruz,Oruro,Potosi,Tarija,Chuquisaca,Beni,Pando,Bolivia
2020-05-07,2294,1159,3444,465,156,50,175,230,76,
2020-05-08,2399,1203,3532,472,170,60,176,230,79,
2020-05-09,2515,1244,3638,475,186,61,,239,,
2020-05-10,2578,1252,3889,492,215,61,228,244,,
2020-05-11,2657,1256,4346,505,,62,239,253,95,
2020-05-12,2757,1352,4504,519,228,81,239,322,95,
2020-05-13,2886,1402,4671,521,230,94,239,322,,
2020-05-14,2889,1492,4876,534,241,94,239,322,95,
2020-05-15,,1606,5048,559,,106,,322,95,
2020-05-16,3198,,5231,567,251,125,258,419,,
2020-05-17,3242,,5507,570,261,125,,419,,
2020-05-18,,1842,5601,570,,125,328,419,100,
2020-05-19,3350,1963,5908,589,,146,336,419,100,
2020-05-20,,2060,6171,593,270,157,,429,,
2020-05-21,3513,2161,6366,608,278,178,,493,100,
2020-05-22,3578,2213,6604,613,300,184,383,518,,
2020-05-23,,,7008,620,319,184,399,555,,
2020-05-24,3829,2469,7188,655,342,184,,567,104,
2020-05-25,3887,2515,7337,661,352,225,,627,,
2020-05-26,4000,2534,7515,677,361,225,405,666,108,
2020-05-27,4135,2776,7855,677,364,248,425,709,108,
2020-05-28,4194,2826,8113,692,405,271,430,760,,
2020-05-29,4256,2904,8291,697,407,321,438,769,146,
2020-05-30,4322,2945,8557,697,428,343,,786,,
2020-05-31,4395,3011,8697,716,428,343,,791,,
2020-06-01,4425,3063,9087,723,430,370,454,808,146,
2020-06-02,4633,3137,9398,726,469,377,464,841,146,
2020-06-03,4771,3254,9668,743,483,417,480,886,146,
2020-06-04,5036,3314,9940,762,611,445,488,959,146,
2020-06-05,,3441,10290,787,656,469,495,1005,146,
2020-06-06,5386,3538,10520,830,714,501,507,1022,154,
2020-06-07,5545,3573,10657,839,800,501,,1057,210,
2020-06-08,5649,3768,10789,843,811,530,521,1078,242,
2020-06-09,5753,3849,11105,891,875,553,529,1132,279,
2020-06-10,5892,3892,11484,929,896,610,539,1197,315,
2020-06-11,5892,3947,11849,1003,996,675,590,1231,393,
2020-06-12,6201,,12121,1048,998,690,622,1349,473,
2020-06-13,6371,4164,12251,1077,1086,730,666,1373,509,
2020-06-14,6552,4178,12576,1112,1178,730,675,1383,529,
2020-06-15,6796,4385,12730,1133,1239,742,703,1417,538,
2020-06-16,6931,4421,12924,1169,1286,760,756,1432,552,
2020-06-17,6931,4500,13049,1184,1330,805,772,1515,565,
2020-06-18,6931,4631,13165,1213,1382,864,824,1673,574,
2020-06-19,7518,4710,13495,1259,1462,987,875,1742,,
2020-06-20,7665,4760,13672,1297,1536,1069,955,1848,650,
2020-06-21,7930,4863,14066,1326,1542,1165,987,1869,653,
2020-06-22,8240,4894,14946,1383,1658,1213,1004,1965,659,
2020-06-23,8353,5186,15169,1403,1704,1248,1228,2036,663,
2020-06-24,,,15189,1411,1721,1322,,2141,663,
2020-06-25,8780,5236,15256,1432,1769,1365,1414,2180,663,
2020-06-26,8982,5415,15611,1475,1768,,1594,2197,705,
2020-06-27,9234,5523,15785,1481,1796,1537,1776,2254,710,
2020-06-28,9301,5666,15898,1514,1847,1553,1930,2293,710,
2020-06-29,9390,5707,15989,1515,1848,1600,2004,2384,710,
2020-06-30,9549,5818,16339,1560,1961,1690,2160,2460,710,
2020-07-01,9825,5934,16479,1581,2033,1790,,2551,714,
2020-07-02,10023,6009,16599,1639,2037,1888,2510,2600,734,
2020-07-03,10317,6114,16725,1663,2077,2014,2639,2664,755,
2020-07-04,10606,6160,16875,1712,2100,2129,2825,2668,812,
2020-07-05,11121,6192,17799,1719,2113,2197,2886,2668,886,
2020-07-06,11394,6386,17890,1725,2150,2231,2930,2694,909,
2020-07-07,11648,6439,,1749,2191,2290,3072,2798,920,
2020-07-08,11893,6511,18124,1771,2218,2382,3162,2863,920,
2020-07-09,12184,6581,18124,1806,2225,2511,3364,3031,920,
2020-07-10,12423,6696,18274,1861,2244,2611,3365,3096,920,
2020-07-11,12777,6764,18396,1898,2260,2691,3728,3120,920,
2020-07-12,,6877,18536,1951,2302,2691,3823,3139,924,
2020-07-13,13193,7040,18654,1987,2349,2716,3823,3160,924,
2020-07-14,13944,7176,18799,2019,2376,2756,4013,3181,924,
2020-07-15,13666,7449,18905,,2409,2879,4184,3259,924,
2020-07-16,14030,7659,19157,2103,2467,2971,4432,3313,924,
2020-07-17,14260,7762,19719,2168,2481,3067,4371,3325,924,
2020-07-18,14630,7914,19852,2226,2492,3228,4451,3330,939,
2020-07-19,15283,7999,19999,2249,2586,3264,4518,3337,947,
2020-07-20,15555,8128,20051,2300,2592,3321,4548,3352,949,
2020-07-21,15837,8244,20699,2380,2592,3338,4559,3380,949,
2020-07-22,16024,8347,21340,2443,2616,3344,4573,3390,955,
2020-07-23,16330,8455,21944,2480,2644,3351,4588,3400,963,
2020-07-24,16583,8574,21944,2499,2780,3481,4605,3449,971,
2020-07-25,17200,8661,22580,2578,2796,3643,4606,3452,972,
2020-07-26,17456,8739,22999,2639,2840,3789,4607,3454,973,
2020-07-27,17456,9376,23250,2665,,3899,4607,3455,976,
2020-07-28,17710,9553,23897,2706,2849,4030,4607,3463,976,
2020-07-29,17947,9608,24280,2736,2857,4122,4607,3477,985,
2020-07-30,18174,9775,25198,2838,2866,4260,4607,3518,988,
2020-07-31,18441,10101,25792,,2879,4334,4696,3605,995,
2020-08-01,18441,10522,26509,2976,2893,4403,,3676,1006,
2020-08-02,18918,10653,27201,3123,2899,4451,4785,3734,1007,
2020-08-03,19133,10752,27899,3123,2908,4507,4822,3824,1013,
2020-08-04,19202,11098,28584,3202,2914,4546,4849,3890,1015,
2020-08-05,19768,11314,29209,3214,2914,4601,4950,3955,1022,
2020-08-06,19910,11402,29859,3309,2948,4621,5022,4041,1028,
2020-08-07,20435,11491,30553,3324,2997,4621,5183,4169,1039,
2020-08-08,20744,11591,31210,3361,3007,4622,5279,4216,1056,
2020-08-09,21123,11688,31875,3386,3014,4622,5297,4258,1066,
2020-08-10,21515,11892,32564,3387,3054,4748,5363,4311,1084,
2020-08-11,21795,12140,33249,3427,3576,4864,5456,4362,1115,
2020-08-12,22432,12324,33945,3444,3758,4977,5506,4374,1133,
2020-08-13,22432,12445,34570,3455,3854,5108,5554,4408,1149,
2020-08-14,22868,12634,35121,3473,4077,5159,5555,4409,1179,
2020-08-15,24193,12725,35721,3493,,5194,,4416,1217,
2020-08-16,24976,12728,36153,3506,4514,5203,5606,,1252,
2020-08-17,24976,12856,36446,3521,5243,5229,5646,4462,1256,
2020-08-18,25723,13071,36917,3540,5756,5236,5762,4526,1268,
2020-08-19,26159,,37289,3635,6244,5253,5852,4548,1378,
2020-08-20,27024,13391,37552,3716,6340,5294,5861,4573,1402,
2020-08-21,27374,13514,38059,3780,6381,5327,6034,4586,1423,
2020-08-22,27969,13640,38536,3850,6515,5353,6161,4599,1429,
2020-08-23,29097,13760,38789,3862,6549,5363,6252,4611,1432,
2020-08-24,29641,13937,39030,3874,6775,5365,6252,4629,1435,
2020-08-25,29873,14111,39460,3931,6972,5370,6319,4719,1447,
2020-08-26,,14250,40014,3975,7111,5557,6394,4734,1472,
2020-08-27,31565,14414,40422,4076,7287,5707,6466,4800,1488,
2020-08-28,32911,14546,40891,4100,7448,5814,,,1505,
2020-08-29,33292,,41367,4271,7569,5956,6676,4843,1511,
2020-08-30,33920,14760,41397,4356,9853,6066,6714,4849,1512,
2020-08-31,34255,14919,41774,4395,9929,6165,6793,4909,1512,
2020-09-01,,15173,42209,4423,10036,6253,6870,4933,1523,
2020-09-02,34763,15357,42668,4430,10175,6420,6944,4984,1533,
2020-09-03,35029,15585,43116,4538,10369,6518,7045,5016,1537,
2020-09-04,35167,15716,43484,4592,10834,6640,7211,5053,1543,
2020-09-05,36588,15845,43839,4643,10883,6674,7269,5064,1544,
2020-09-06,37168,15880,43977,4693,11045,6744,7327,5067,1545,
2020-09-07,37970,15993,44234,4732,11224,6967,7441,5121,1546,
2020-09-08,38805,16112,44626,4791,11449,7053,,5175,1547,
2020-09-09,39180,16297,45122,4893,11622,7179,7823,5192,1547,
2020-09-10,40917,16497,45705,5019,11717,7278,8050,5249,1548,
2020-09-11,41605,16850,46051,5085,,7370,,5268,,
2020-09-12,42473,,46337,5151,9820,7419,8323,5302,1549,
2020-09-13,42937,17487,46413,5212,9909,7519,8392,5314,1549,
2020-09-14,43898,17635,46611,5262,10001,7622,8437,5363,1549,
2020-09-15,44253,17786,46980,5305,10142,7709,8585,5364,1551,
2020-09-16,44417,18030,47278,5389,10201,7846,,5387,1553,
2020-09-17,44994,18173,47825,5441,10217,7961,8826,5431,1554,
2020-09-18,45486,18371,48112,5523,10472,8103,9024,5445,1554,
2020-09-19,45984,18462,48457,5557,10499,8215,9143,5450,1555,
2020-09-20,46223,18472,48586,5614,10541,8236,9202,5453,1555,
2020-09-21,46361,18621,48868,5656,10622,8295,9220,5471,1555,
2020-09-22,46843,18673,49134,5719,10648,8403,9324,5507,1556,
2020-09-23,47135,18768,49511,5804,10876,8472,9431,5587,1556,
2020-09-24,47473,18938,49723,5884,10948,8563,9646,5652,1556,
2020-09-25,47662,,49928,5981,11035,8720,9736,5719,1557,
2020-09-26,48185,19074,50087,,11158,8818,,5747,1557,
2020-09-27,48458,19089,50153,6035,11229,8847,,5750,1557,
2020-09-28,48653,19223,50319,6129,11260,8912,,5752,1558,
2020-09-29,48671,19335,50656,6187,11386,8966,9940,5758,1561,
2020-09-30,49049,19492,50939,6269,11494,9075,,5763,1564,
2020-10-01,49348,19578,51240,6307,11539,9129,,5866,1566,
2020-10-02,49883,,51740,6384,11584,9285,10221,5919,1566,
2020-10-03,50179,,51933,6477,11756,9433,,5946,1569,
2020-10-04,50328,19797,51979,6534,11816,9500,,5948,1569,
2020-10-05,50448,19986,52219,6549,11856,9568,10442,5983,1569,
2020-10-06,50546,,52688,6578,11882,9616,10498,6003,1572,
2020-10-07,50989,20271,53022,6612,11978,9662,10554,6003,1573,
2020-10-08,51221,20349,53272,6654,12066,9704,,6059,1573,
2020-10-09,51451,20478,,6725,12135,9728,,6089,1573,
2020-10-10,51698,20541,53835,6765,12210,9781,10765,6107,1573,
2020-10-11,51845,20543,53923,6798,12235,9830,,6126,1573,
2020-10-12,51919,20630,54212,6835,12272,9880,,6131,1578,
2020-10-13,52152,20807,54518,6874,12375,9918,10919,6170,1578,
2020-10-14,52414,20873,54932,6906,12414,9942,10979,6218,1580,
2020-10-15,52471,21046,55310,6938,12449,9974,11038,6234,1584,
2020-10-16,52755,21120,55715,6953,12491,10016,11086,6249,1586,
2020-10-17,53059,21255,55927,6992,12501,10059,,6258,1587,
2020-10-18,53188,21272,56048,6998,12510,10059,,6258,,
2020-10-19,53299,,56379,7005,12567,10082,11250,6276,1587,
2020-10-20,53459,21340,56612,7022,12594,10123,11334,6295,1590,
2020-10-21,53682,21473,57045,7068,12632,10185,11393,6312,1605,
2020-10-22,53865,21722,57497,7111,12743,10219,11456,6327,1607,
2020-10-23,54067,,57869,7200,12793,10240,11456,6351,1607,
2020-10-24,54356,21985,58050,7215,12832,10300,11456,6360,,
2020-10-25,54546,21985,58072,7255,12833,10305,,6360,1607,
2020-10-26,54577,22089,58372,7279,12926,10323,11671,,1608,
2020-10-27,54806,,58741,7289,13023,10353,11753,,1611,
2020-10-28,55096,22241,59100,7354,13112,10375,11828,,1614,
2020-10-29,55263,22354,59493,7439,13148,10418,11954,,1617,
2020-10-30,55519,,59809,7473,13187,10448,12006,,1619,
2020-10-31,55712,,60047,7543,13202,10481,12065,,1620,
2020-11-01,55845,22676,60138,7608,13214,10504,12125,,1620,
2020-11-02,55866,22676,60188,7610,13214,10504,12175,,1621,
2020-11-03,55912,22721,,7630,13257,10528,12201,6406,1621,
2020-11-04,56152,22769,60970,7965,13297,10570,12308,,1625,
2020-11-05,56421,,61413,8044,13332,10653,12358,6531,1636,
2020-11-06,56575,22867,61830,8098,13392,10685,12473,6567,1642,
2020-11-07,56945,,61999,8135,13404,10772,12541,6567,1657,
2020-11-08,57295,,62123,8173,13404,10772,,6567,1660,
2020-11-09,57385,23186,62423,8192,13447,10807,12611,6599,1660,
2020-11-10,57491,,62785,8213,13468,,12701,6599,1666,
2020-11-11,57676,,63173,8243,13514,10876,12796,6621,1670,
2020-11-12,57936,,63491,8366,13556,10912,12847,6628,1673,
2020-11-13,58181,23534,64068,8390,13562,10931,12917,6639,1683,
2020-11-14,58557,23702,64319,8437,13574,11006,,6650,1698,
2020-11-15,,23721,64595,8468,13574,11006,,6650,1698,
2020-11-16,58914,23772,65098,8500,13600,11023,13061,6650,1698,
2020-11-17,59044,23861,65474,8539,13624,11061,13146,6692,1709,
2020-11-18,59241,,65916,8580,,11088,13209,6719,1714,
2020-11-19,59791,23948,66355,8631,13707,11130,13309,6737,1721,
2020-11-20,60124,24193,66859,8713,13746,11140,13429,6744,1738,
2020-11-21,60319,24268,67117,8740,13779,11177,13504,6750,1749,
2020-11-22,60775,24331,67157,8748,13807,11177,13524,6750,1749,
2020-11-23,60836,,67394,8755,13892,11186,13574,6770,1749,
2020-11-24,61037,,67938,8805,14104,11205,13641,6781,1783,
2020-11-25,61307,,68307,8864,14170,11292,13741,6804,1790,
2020-11-26,61635,24797,68633,8916,14250,,13802,6814,1798,
2020-11-27,61929,24915,69093,9004,14294,11334,13902,6823,1818,
2020-11-28,62316,25045,69269,9032,14319,11362,13981,6831,1844,
2020-11-29,62574,25099,69282,9144,14327,11362,,6831,1844,
2020-11-30,62700,,69795,9187,14339,11374,14031,6849,1844,
2020-12-01,62998,25460,70447,9391,14374,11387,14081,6855,1854,
2020-12-02,63277,25579,70898,9533,14442,11412,14171,6856,1860,
2020-12-03,63606,,71447,9603,14467,11456,14256,6863,1868,
2020-12-04,64146,25900,,9681,14497,11465,14353,6882,1872,
2020-12-05,64647,25974,72235,9754,,11528,,6904,1884,
2020-12-06,,25984,72279,9803,14556,11528,14447,6904,1884,
2020-12-07,64962,26094,72735,9817,14581,11534,14463,6906,1884,
2020-12-08,65289,26181,73191,9854,14638,11570,14522,6930,1889,
2020-12-09,65438,,73829,9900,14655,11621,14622,6936,1896,
2020-12-10,66200,26459,74359,9957,14679,11678,14722,6951,1903,
2020-12-11,66485,,74925,10003,14696,11707,14808,6954,1908,
2020-12-12,66661,,75566,10063,14757,11735,14888,6974,1930,
2020-12-13,66939,26769,75667,10077,14774,11744,14919,6984,1932,
2020-12-14,67141,26851,75999,10085,14817,11759,14944,6989,1939,
2020-12-15,67320,,76917,10130,14826,11778,15000,6994,1951,
2020-12-16,67724,27072,77638,10174,14848,11793,15160,7020,1964,
2020-12-17,68169,,78122,10260,14925,11817,15334,7032,1975,
2020-12-18,68435,,78711,10277,14962,11837,,7057,1984,
2020-12-19,68757,27358,79609,10317,15020,11902,,7079,1994,
2020-12-20,69282,,79648,10384,15020,11902,,7079,2004,
2020-12-21,69381,27539,80134,10403,15030,11914,,7092,2004,
2020-12-22,69687,27711,80542,10425,15130,11922,15928,7101,2023,
2020-12-23,70126,27937,81363,10476,15232,11946,,7128,2039,
2020-12-24,70566,28088,82090,10536,15270,11960,,7140,2054,
2020-12-25,70968,28124,82281,10602,15374,11960,,7140,2072,
2020-12-26,71297,28288,82673,10620,15412,12012,16615,7140,2073,
2020-12-27,71604,28391,82998,10640,15412,12034,16710,7140,2079,
2020-12-28,71760,28541,83407,10656,15440,12060,,7145,2080,
2020-12-29,72248,28810,84429,10675,15493,12131,16985,7168,2090,
2020-12-30,72759,29087,85266,10751,15559,12150,17235,7180,2118,
2020-12-31,73187,29566,86397,10820,15623,12187,,7193,2143,
2021-01-01,73716,29593,86506,10904,15659,12199,,7208,2175,
2021-01-02,74173,29848,87087,10946,15665,12223,17847,7208,2195,
2021-01-03,74419,30036,87351,10966,15672,12223,17997,7208,2234,
2021-01-04,74479,30381,88261,10989,15714,12247,18145,7217,2239,
2021-01-05,74826,30774,89662,11035,15764,12288,18295,7249,2256,
2021-01-06,75126,31122,90737,11096,15850,12333,18569,7276,2309,
2021-01-07,75789,31459,91691,11170,15918,12494,,7302,2369,
2021-01-08,76438,32013,93027,11263,15963,12537,18950,7304,2428,
2021-01-09,77042,32344,93831,11331,16050,12568,,7333,,
2021-01-10,77590,32529,94204,11439,16151,12568,19360,7333,,
2021-01-11,77895,32913,95061,11474,16232,12587,19508,7341,2496,
2021-01-12,78191,33413,95864,11600,16285,12697,19668,7344,2537,
2021-01-13,79065,33823,97169,11711,16345,12722,19868,7368,2583,
2021-01-14,79682,34182,98629,11826,16505,12760,20040,7412,2617,
2021-01-15,80569,34612,100218,11935,16745,12788,20240,7456,2674,
2021-01-16,81344,34940,101452,12088,16862,12929,20359,7494,2727,
2021-01-17,81956,35199,101862,12179,17036,12951,20659,7506,2771,
2021-01-18,82358,35598,102146,12230,17085,13076,20856,7601,2837,
2021-01-19,83112,36109,104091,12314,17113,13170,21056,7702,2896,
2021-01-20,84121,36608,104395,12465,17280,13231,21189,7828,2961,
2021-01-21,85145,37072,106248,12599,17388,13302,21439,7905,3047,
2021-01-22,86058,,107305,12787,17555,13453,21661,8065,3078,
2021-01-23,86776,37817,108419,12913,17643,13487,21961,8115,3123,
2021-01-24,87418,,109273,12962,17674,13503,22090,8153,3134,
2021-01-25,87739,38565,110811,13043,17809,13552,22490,8203,3202,
2021-01-26,88979,39164,113165,13148,17906,13736,22878,8330,3295,
2021-01-27,89780,39931,115575,13265,18020,13912,23645,8495,3361,
2021-01-28,91202,40717,117482,13488,18211,14085,24096,8647,3437,
2021-01-29,92418,41500,119597,13720,18473,14275,24620,8783,3509,
2021-01-30,93804,41972,121280,13916,18602,14387,24835,8855,3525,
2021-01-31,94801,42205,121848,14085,18785,14404,25186,8893,3563,
2021-02-01,95663,42781,123418,14164,18860,14547,25413,9019,3631,
2021-02-02,97043,43487,125542,14325,18971,14767,25653,9124,3690,
2021-02-03,98441,44260,127227,14504,19362,14901,25909,9239,3758,
2021-02-04,99711,44923,128868,14648,19865,15018,26251,9449,3889,
2021-02-05,100711,45542,130762,14956,20240,15149,26546,9546,3937,
2021-02-06,101827,46099,132425,15137,20559,15186,26767,9633,3992,
2021-02-07,102859,46136,132730,15300,20932,15190,27117,9684,4064,
2021-02-08,103483,46745,134167,15337,21289,15335,27299,9712,4169,
2021-02-09,104459,47539,136392,15451,21815,15555,27596,9851,4199,
2021-02-10,105712,48454,139361,15614,22177,15692,27929,9952,4262,
2021-02-11,106903,49005,141494,15717,22177,15862,28220,10063,4308,
2021-02-12,107866,49760,143304,15799,22928,15980,28428,10145,4364,
2021-02-13,108767,50395,144788,15886,23147,16071,28658,10246,4375,
2021-02-14,109332,50526,145771,16020,23243,16092,28947,10257,4395,
2021-02-15,109635,50762,147179,16103,,16111,29265,10259,4396,
2021-02-16,109857,51062,147878,16171,23330,16128,29607,10274,4406,
2021-02-17,110401,51868,149465,16207,23356,16253,29725,10307,4449,
2021-02-18,111235,52651,152373,16415,23491,16464,29880,10416,,
2021-02-19,112429,53278,155190,16514,23734,16662,30038,10513,4642,
2021-02-20,113657,53665,157086,16702,23864,16718,30272,10578,4675,
2021-02-21,113927,,158683,16803,23967,16737,30517,10602,4708,
2021-02-22,114689,54462,161791,16878,24071,16849,30612,10674,4807,
2021-02-23,115931,55187,164850,16990,24529,17033,30777,10779,4879,
2021-02-24,117219,56065,168465,17174,25995,17192,31042,10900,4941,
2021-02-25,118419,56652,171508,17400,27640,17330,31224,11048,5030,
2021-02-26,119678,57610,174620,17655,27727,17474,31450,11129,5175,
2021-02-27,120454,58152,176362,17782,27844,17559,31910,11231,5266,
2021-02-28,121357,58427,178024,17914,27852,17582,32229,11244,5360,
2021-03-01,122213,59208,180594,18030,28114,17812,32518,11331,5457,
2021-03-02,123566,60066,183246,18160,28208,18022,32772,11467,5543,
2021-03-03,124659,61155,185809,18314,28418,18346,33120,11580,5675,
2021-03-04,125780,62262,187579,18544,28540,18635,33333,11667,5742,
2021-03-05,127536,63362,189758,18879,28799,18953,33532,11812,5923,
2021-03-06,129240,64043,191107,19029,29165,19050,33702,11887,5945,
2021-03-07,130373,64261,191356,19158,29323,19085,,11899,6016,
2021-03-08,131467,64804,192242,19221,29358,19266,33871,11923,6081,
2021-03-09,132148,65922,194447,19395,29455,19533,,12078,6105,
2021-03-10,133185,66831,196500,19601,29581,19980,34305,12160,6158,
2021-03-11,134207,68184,199329,19795,29791,20279,34514,12434,6196,
2021-03-12,135275,69099,203235,20080,31083,20749,34746,12595,6292,
2021-03-13,136494,69720,,20207,31198,20931,34884,12688,6312,
2021-03-14,137217,70139,207342,20280,31538,20996,35040,12769,6347,
2021-03-15,137771,71111,211096,20392,31823,21413,35173,12848,6421,
2021-03-16,138852,72015,214063,20574,32032,21960,35301,13025,6460,
2021-03-17,139898,73103,217581,20747,32133,22431,35471,13408,6558,
2021-03-18,140937,74087,219965,20918,32540,22774,35643,13618,6666,
2021-03-19,141931,75074,222387,21042,32933,23145,35791,13760,6701,
2021-03-20,142596,75537,224125,21183,33001,23259,35979,13897,6723,
2021-03-21,143442,75698,224697,21219,33071,23296,36135,13932,6769,
2021-03-22,143997,,227384,21285,33126,23690,36239,14082,6899,
2021-03-23,144993,77934,230527,21454,33993,24123,36462,14416,6960,
2021-03-24,146203,79153,233431,21594,34150,24614,36680,14665,7143,
2021-03-25,146841,80253,235697,21744,34291,25077,36839,15439,7323,
2021-03-26,147495,81074,239730,21883,34384,25565,37053,15718,7466,
2021-03-27,148116,81684,,22019,34448,25748,37121,16028,7535,
2021-03-28,148510,82374,240281,22073,,25837,37243,16202,7627,
2021-03-29,148866,83572,242856,22158,34704,26259,37367,16712,7748,
2021-03-30,149882,84620,245809,22367,34937,26771,37549,17015,7968,
2021-03-31,150654,,248493,22508,35169,27163,37804,17756,8155,
2021-04-01,151758,88661,250586,22724,35426,27577,38018,17892,8326,
2021-04-02,152668,,251697,22910,35476,,38174,18810,8476,
2021-04-03,153151,89771,253290,23002,35544,27796,38279,18908,8603,
2021-04-04,153537,90075,255454,23069,35570,27870,38346,19212,8740,
2021-04-05,153823,91649,255454,23143,35598,28143,38503,19446,8841,
2021-04-06,154667,92607,263604,23338,35818,28538,38702,20061,9114,
2021-04-07,155609,94204,267894,23644,35904,29021,38884,20337,9342,
2021-04-08,157002,95861,272766,23833,36148,29549,39070,20674,9451,
2021-04-09,158379,97653,278007,24151,36308,30115,39380,21044,9533,
2021-04-10,159301,98470,280759,24419,,30261,39808,21428,9590,
2021-04-11,160296,99152,282970,24566,,30368,39912,22918,9687,
2021-04-12,160797,100861,288454,24660,36645,30726,39998,23020,9900,
2021-04-13,161386,102619,292748,24897,36835,31368,40176,24266,9987,
2021-04-14,162412,104594,296689,25138,36959,31859,40379,24505,10177,
2021-04-15,163335,106450,300037,25454,37187,31902,40608,24888,10289,
2021-04-16,164236,,304190,25663,,32382,40808,25063,10480,
2021-04-17,165335,109524,306548,25976,37295,32456,40968,25338,10811,
2021-04-18,165983,109981,307703,26189,37304,32614,41084,26032,10883,
2021-04-19,166682,111427,312947,26386,37445,33004,41400,26621,11072,
2021-04-20,168051,113477,318144,26686,37810,33554,41575,26927,11227,
2021-04-21,169319,115196,322696,27054,38067,34070,41861,27231,11373,
2021-04-22,170610,117468,327104,27526,38235,,42116,27445,11447,
2021-04-23,172187,119516,330237,27847,38354,35210,42311,27654,11546,
2021-04-24,173307,,331782,28257,38434,35367,42587,28060,11745,
2021-04-25,174060,,332812,28542,38466,35548,42731,28106,12128,
2021-04-26,174741,122340,336626,28705,38765,35990,42852,28797,12234,
2021-04-27,176133,124476,341127,28979,38889,36406,43040,29245,12387,
2021-04-28,177271,126288,346412,29295,38917,36827,43343,29539,12469,
2021-04-29,178178,129208,353626,29637,39116,37307,43576,29801,,
2021-04-30,179730,131369,360687,29934,39149,37667,43864,30205,12752,
2021-05-01,180778,132353,363472,30154,,37783,44109,30254,12784,
2021-05-02,181489,,366743,30348,,37846,44257,30298,12799,
2021-05-03,182254,134608,371385,30433,39465,38196,44386,30470,12886,
2021-05-04,183436,136293,375911,30630,39488,38716,44582,30641,13132,
2021-05-05,185213,138357,379798,30953,39577,39114,44956,31014,13309,
2021-05-06,186417,140575,382888,31221,39624,39524,45171,31339,13386,
2021-05-07,187481,143055,386129,31482,39737,39908,45429,,13474,
2021-05-08,188412,144170,387889,31841,39916,40058,45642,31647,13566,
2021-05-09,189244,145009,389045,32135,39978,40085,46025,,13610,
2021-05-10,189681,146504,392553,32225,40089,40445,46101,31884,13906,
2021-05-11,190610,148852,396773,32632,,40811,46368,32103,13993,
2021-05-12,191848,151372,400408,32981,40231,41222,46604,32340,14036,
2021-05-13,192601,154204,404814,33366,40353,41563,46892,32658,14087,
2021-05-14,193852,156547,407946,33675,40536,42046,47143,32838,14146,
2021-05-15,195023,157852,409524,34126,40612,42140,47485,32982,14154,
2021-05-16,196009,158330,410747,34399,40678,42195,47676,33008,14162,
2021-05-17,196884,160441,413449,34504,41068,42692,47887,33280,14254,
2021-05-18,197832,163028,416761,34957,41192,43150,48242,33502,14301,
2021-05-19,199038,165524,420892,35630,41274,43641,48557,33649,14360,
2021-05-20,200483,168039,424897,36392,41384,44236,48802,34034,14455,
2021-05-21,201897,170521,428427,36952,41632,44778,49238,34238,,
2021-05-22,202764,171835,431239,37675,41923,45028,49650,34369,14606,
2021-05-23,204133,172905,432596,38011,42007,45218,49825,34404,14619,
2021-05-24,205011,176063,436296,38307,42049,45971,50045,34628,14686,
2021-05-25,206341,179252,440251,38669,,46859,50216,34870,,
2021-05-26,208045,182556,444559,39110,42746,47566,50506,35185,14866,
2021-05-27,210243,185593,448927,39573,42856,48068,50740,35465,14932,
2021-05-28,212249,188440,453189,40050,42933,48947,51160,35744,15020,
2021-05-29,214426,189559,455840,40442,43007,49408,51462,36877,15042,
2021-05-30,215928,191305,457088,40660,43229,49669,51825,,15070,
2021-05-31,216709,194496,460338,40869,43402,50726,52692,36242,15146,
2021-06-01,219122,197488,464053,41237,43612,51378,53046,36767,15256,
2021-06-02,221210,200383,468236,41679,43810,51977,53521,37083,15324,
2021-06-03,223439,202016,471084,42165,43937,52263,53891,37190,15348,
2021-06-04,224245,204923,475239,42527,44055,52690,54200,37652,15457,
2021-06-05,225635,206735,478060,42842,44208,52984,54592,37781,15482,
2021-06-06,227132,207988,479081,43108,44372,53170,54814,37884,15499,
2021-06-07,227833,210224,482858,43333,44569,53852,56360,38110,15582,
2021-06-08,229240,213591,487464,43698,44818,54639,56811,38275,15628,
2021-06-09,231504,217468,492886,44095,45020,55680,57354,38495,15712,
2021-06-10,233873,220481,498152,44527,45161,56639,57923,38695,15816,
2021-06-11,236616,223050,502884,45016,45410,57621,58328,39047,15911,
2021-06-12,238916,224994,,45348,45535,57824,58617,39112,15944,
2021-06-13,240169,226432,506925,45513,45606,57947,58983,39137,15963,
2021-06-14,241073,228580,510745,45730,45797,58546,59501,39389,16017,
2021-06-15,243049,231315,515652,46042,45912,59116,60048,39694,16139,
2021-06-16,246922,233418,520595,46373,46102,59890,60684,40056,16222,
2021-06-17,249634,236458,525389,46776,46316,60300,61163,40302,16320,
2021-06-18,252627,238837,529279,47169,46527,60799,61780,40550,16394,
2021-06-19,255195,240213,531298,47456,46657,60981,62547,40640,16415,
2021-06-20,257367,241115,532092,47637,46830,61039,62793,40685,16496,
2021-06-21,258521,241870,532980,47749,46878,61129,63006,40778,16520,
2021-06-22,259497,244297,537241,47942,46953,61694,63424,40943,16600,
2021-06-23,262596,246671,541090,48346,47208,62321,63945,41120,16677,
2021-06-24,265367,248937,544785,48666,47379,63126,64248,41556,16755,
2021-06-25,267878,250953,549037,49022,47606,63697,64588,41862,16835,
2021-06-26,270195,252843,551336,49288,47851,63879,65053,41921,16865,
2021-06-27,271216,254718,552858,49473,47925,63983,65543,42008,16926,
2021-06-28,272095,257653,556689,49616,48075,64471,65683,42184,17031,
2021-06-29,274347,260383,560366,49949,48329,64944,66046,42412,17090,
2021-06-30,276908,262485,564517,50334,48550,65347,66744,42650,17161,
2021-07-01,279300,264597,568722,50738,48776,65659,67134,42857,17231,
2021-07-02,281357,266711,572078,51172,49055,65999,67620,43097,17287,
2021-07-03,283817,267778,573788,51348,49190,66166,67867,43160,17293,
2021-07-04,285534,268297,574896,51513,49290,66288,68285,43311,17327,
2021-07-05,286300,270069,578260,51701,49373,66767,68734,43511,17423,
2021-07-06,288407,271923,581728,51927,49469,67404,69109,43608,17497,
2021-07-07,290301,273749,584616,52195,49743,67836,69608,43758,17578,
2021-07-08,,275324,,52499,50040,68353,70103,44142,17640,
2021-07-09,,277051,,52912,50253,68803,70659,44453,17740,
2021-07-10,,277924,,53189,50430,68959,70989,44534,17764,
2021-07-11,,278405,,53396,50517,69055,71179,44571,17770,
2021-07-12,,279916,,53725,50670,69346,71669,44675,17825,
2021-07-13,297990,281412,605284,54099,51109,69837,72056,44988,17897,
2021-07-14,300324,282885,608959,54413,51301,70360,72469,45098,17993,
2021-07-15,302379,284586,,54682,51423,70817,,45379,18060,
2021-07-16,304290,286213,616023,55013,51622,71401,73528,45590,18139,
2021-07-17,305375,287086,617967,55350,51804,71607,73911,45629,18177,
2021-07-18,306092,287666,619098,55622,51880,71712,74163,45673,18180,
2021-07-19,306692,289298,622460,55694,51978,72171,74486,45764,18243,
2021-07-20,308025,290966,,55892,,72692,74961,45951,18312,
2021-07-21,310054,292763,629237,56234,52312,73056,75361,46094,18369,
2021-07-22,312019,294495,631627,56485,52440,73484,75781,46274,18409,
2021-07-23,313559,295808,634802,56790,52614,73877,76161,46404,18448,
2021-07-24,315243,296540,636478,57111,52714,73966,76399,46557,18462,
2021-07-25,316018,297046,637309,57352,52743,74043,76689,46577,18467,
2021-07-26,316549,298334,640408,57410,52819,74304,77032,46681,18538,
2021-07-27,318329,300015,643525,57676,53074,74676,77525,46913,18611,
2021-07-28,320513,301554,646231,57969,53243,75132,77986,47075,18678,
2021-07-29,322440,303575,648867,58212,53315,75588,78274,47204,18709,
2021-07-30,324186,304956,651979,58474,53500,75902,78569,47296,18746,
2021-07-31,325763,305536,653985,58691,53600,76082,78894,47416,18779,
2021-08-01,326665,305741,654929,58896,53655,76201,79048,47588,18803,
2021-08-02,327268,306862,657876,58974,53775,76424,79211,47680,18863,
2021-08-03,328977,308315,660916,59139,53873,76821,79461,47793,18900,
2021-08-04,330589,309784,664201,59345,54122,77199,79923,47970,18947,
2021-08-05,332333,311018,667236,59560,54222,77771,80419,48169,18987,
2021-08-06,333439,311716,668144,59821,54350,77892,80706,48211,18989,
2021-08-07,333903,312563,669768,59968,54387,78046,80888,48356,19001,
2021-08-08,334390,313168,670676,60148,54418,78132,81055,48440,19005,
2021-08-09,334617,314469,673537,60219,54492,78592,81291,48524,19017,
2021-08-10,335960,315854,676770,60464,54608,79206,81681,48616,19061,
2021-08-11,338052,317343,679742,60710,54767,79664,81980,48938,19104,
2021-08-12,339828,318537,682978,60949,54883,79933,82180,49126,19129,
2021-08-13,341301,319755,685973,61197,55080,80218,82380,49407,19182,
2021-08-14,342937,320211,687705,61433,55224,80412,82700,49626,19192,
2021-08-15,343563,320571,688352,61702,55248,80488,82795,49691,19196,
2021-08-16,344093,321928,691068,61878,55352,80925,83080,50071,19239,
2021-08-17,345489,323184,694068,62218,55653,81475,83321,50350,19293,
2021-08-18,347245,324416,696997,62590,55873,81978,83724,50618,19340,
2021-08-19,348840,325616,699722,62907,55994,82502,83924,50939,19371,
2021-08-20,350582,326906,702736,63237,56069,82969,84327,51125,19423,
2021-08-21,352171,327628,704534,63589,56216,83198,84462,51194,19442,
2021-08-22,352862,328035,705086,63755,56235,83271,84678,51226,19445,
2021-08-23,353316,329347,707584,63828,56361,83662,84878,51410,19481,
2021-08-24,354327,331007,710786,64111,56542,84029,85201,51596,19545,
2021-08-25,356128,332400,713686,64568,56789,84531,85401,51961,19596,
2021-08-26,358019,333660,716138,64984,56911,85221,85601,52326,19647,
2021-08-27,359662,334937,718622,65489,57078,85694,85801,52435,19677,
2021-08-28,361302,335662,719923,65773,57179,85850,86293,52489,19689,
2021-08-29,362058,336132,720495,66001,57265,85883,86429,52498,19690,
2021-08-30,362464,337540,722832,66112,57395,86260,86579,52662,19721,
2021-08-31,363927,338685,725317,66388,57540,86713,86729,52851,19751,
2021-09-01,365653,339934,727538,66800,57640,87154,86929,53011,19784,
2021-09-02,367771,341246,,,57724,87612,87129,53184,19811,
2021-09-03,369532,342384,732047,67384,57797,87941,87500,53469,19849,
2021-09-04,371207,342959,733226,67626,57916,88139,87650,53571,19850,
2021-09-05,372048,343243,733747,67788,57941,88239,87807,53620,19880,
2021-09-06,372291,344690,735920,67851,57993,88563,87927,53783,19926,
2021-09-07,373713,346184,737920,68155,58147,89014,88037,54013,19984,
2021-09-08,375351,347634,739673,68441,58342,89401,88422,54240,20011,
2021-09-09,376882,349200,741506,68717,58556,89754,88542,54423,20040,
2021-09-10,378965,350286,743079,68973,58702,90204,88786,54576,20083,
2021-09-11,,350856,,69211,58756,90387,88886,54602,20085,
2021-09-12,381616,351155,744870,69344,58805,90451,88986,54613,20087,
2021-09-13,382010,352339,,69409,59061,90861,89192,,20135,
2021-09-14,383628,352633,748704,69723,59170,91281,89362,54920,20166,
2021-09-15,385852,353743,750626,70154,59276,91572,89512,55023,20199,
2021-09-16,387725,354788,752736,70437,59443,91994,89662,55324,20231,
2021-09-17,389178,355820,752736,70652,59512,92419,90129,55508,20250,
2021-09-18,390581,356529,755665,70906,59584,92695,90279,55580,20252,
2021-09-19,391302,356801,756095,71030,59599,92718,90379,55612,20252,
2021-09-20,391570,357806,758325,71096,59633,93014,90479,55821,20298,
2021-09-21,392787,358726,760398,71304,59844,93316,90579,55992,20320,
2021-09-22,394311,359793,762476,71617,59918,93549,90679,56287,20354,
2021-09-23,395716,360930,764386,71952,59983,93847,90764,56625,20394,
2021-09-24,397347,361947,765138,72196,60034,94207,90864,56885,20397,
2021-09-25,398471,362587,766135,72431,60105,94383,90964,56986,20405,
2021-09-26,398978,362901,766603,72629,60124,94466,91044,57002,20407,
2021-09-27,399273,364002,768750,72715,60211,94820,91124,57241,20444,
2021-09-28,400319,365189,770996,73054,60354,95083,91244,57368,20472,
2021-09-29,402018,366412,773307,73517,60562,95426,91444,57551,20507,
2021-09-30,403447,367415,775240,73867,60660,95658,91644,57721,20555,
2021-10-01,404847,368560,777387,74425,60786,96024,91753,57860,20571,
2021-10-02,406306,369411,,74842,60838,96140,91846,,20576,
2021-10-03,406830,,,74981,60873,96282,91939,58116,20579,
2021-10-04,407120,370691,781181,75156,60884,96533,91983,58176,20618,
2021-10-05,408490,371709,783484,75550,61156,96822,92237,58309,20658,
2021-10-06,410319,372970,785803,75819,61343,97081,92468,58514,20697,
2021-10-07,412195,373996,788273,75994,61473,97319,92868,58539,20724,
2021-10-08,414130,374906,790509,76186,61563,97629,93026,58646,20755,
2021-10-09,416260,375399,,76406,61596,97717,93196,,20758,
2021-10-10,416748,375613,,76645,61608,97738,93288,,,
2021-10-11,416927,376826,793164,76740,61711,97894,93537,58950,20768,
2021-10-12,418135,377943,795685,76965,61794,98186,93787,59029,20821,
2021-10-13,419654,379274,798036,77216,61905,98366,94233,59092,20851,
2021-10-14,421320,380514,800237,77549,61967,98665,94548,59155,20885,
2021-10-15,422518,381639,802333,77787,62074,99005,94834,59273,20933,
2021-10-16,423688,382221,,78496,,99156,95007,,20937,
2021-10-17,424519,382574,804015,78709,62207,99183,95100,59440,20972,
2021-10-18,424833,384019,806275,78793,62272,99454,95380,59517,21008,
2021-10-19,425946,385248,808725,79100,62389,99689,95654,59717,21045,
2021-10-20,427221,386205,810919,79355,62415,99897,96208,59808,21074,
2021-10-21,428247,387281,,79563,62574,100188,96501,,21098,
2021-10-22,429562,388730,,79784,,100409,,60225,21118,
2021-10-23,431071,389721,817400,80005,62687,100482,97099,60254,21133,
2021-10-24,431835,390268,818050,80193,62715,100508,97208,60305,21154,
2021-10-25,432271,391534,820123,80247,62883,100655,97426,60404,21182,
2021-10-26,433449,392531,822358,80459,62954,101010,97925,60536,21234,
2021-10-27,435254,393766,824684,80721,63053,101209,98201,60620,21258,
2021-10-28,436843,394955,827027,81054,63130,101415,98646,60899,21318,
2021-10-29,438275,396217,,81434,63178,101663,99028,,21371,
2021-10-30,439613,396869,,81817,63201,101766,99155,,21373,
2021-10-31,440225,397190,,81943,63225,101815,99256,,21377,
2021-11-01,440669,398067,833832,81987,63231,101973,99396,61029,21412,
2021-11-02,441725,398559,,82146,,102018,99523,61064,21454,
2021-11-03,442276,400021,837163,82242,63342,102233,99727,61142,21484,
2021-11-04,443548,400947,839753,82420,63393,102418,99991,61225,21523,
2021-11-05,445006,402324,842762,82681,63460,102643,100274,61424,21547,
2021-11-06,446692,403089,844364,82924,63490,102752,100447,61450,21549,
2021-11-07,447265,403493,845712,83139,63515,102784,100539,61469,21569,
2021-11-08,447758,404784,847095,83215,63612,102940,100881,61590,21604,
2021-11-09,448887,406560,,83509,,103120,101277,61700,21651,
2021-11-10,450885,407886,850118,83763,63663,103216,101533,61757,21686,
2021-11-11,452628,409143,851974,84005,63732,103441,101802,61875,21716,
2021-11-12,454188,410187,853594,84258,63834,103633,101927,61982,21729,
2021-11-13,455843,410780,,84551,,103746,102077,62041,21741,
2021-11-14,456628,411175,856444,84692,63909,103765,102428,62066,21748,
2021-11-15,457100,412482,858317,84738,63913,104023,102539,62202,21797,
2021-11-16,458800,413514,860395,84977,63971,104288,102755,62288,21845,
2021-11-17,460665,414635,863384,85326,64125,104547,103055,62408,21937,
2021-11-18,462627,415754,866205,85608,64192,104837,103296,62444,21972,
2021-11-19,464379,416865,868894,85838,64261,105159,103563,62536,22026,
2021-11-20,466267,417536,870934,86045,64279,105259,103773,62625,22056,
2021-11-21,467558,417807,872194,86266,64284,105294,104010,62636,22070,
2021-11-22,468111,418994,874771,86353,64379,105517,104263,62687,22122,
2021-11-23,469804,420282,877677,86664,64433,105812,104551,62792,22199,
2021-11-24,471644,421420,880530,86969,64477,106015,104879,62886,22245,
2021-11-25,473386,422430,883461,87424,64580,106411,105173,62986,22312,
2021-11-26,475139,423657,886398,87887,64654,106653,105749,63063,22368,
2021-11-27,476492,424152,888488,88235,64698,106777,105842,63127,22398,
2021-11-28,477170,424296,889424,88361,64702,106892,105970,63148,22403,
2021-11-29,477955,425305,892320,88440,64742,107267,106212,63302,22449,
2021-11-30,479269,426280,895123,88687,64837,107648,106393,63428,22539,
2021-12-01,480589,427044,897956,88915,64972,107922,106645,63572,22673,
2021-12-02,482173,428209,901253,89232,65054,108262,106932,63729,22788,
2021-12-03,483513,429514,905084,89541,65108,108554,107181,63939,22987,
2021-12-04,484837,430064,907298,89893,65144,108730,107334,64023,23013,
2021-12-05,485608,430328,908488,90077,65218,108830,107439,64212,23031,
2021-12-06,485880,431442,911236,90145,65273,109202,107678,64276,23126,
2021-12-07,487346,431898,914596,90356,65362,109524,107989,64458,23281,
2021-12-08,489269,432960,917875,90734,65431,109830,108306,64639,23413,
2021-12-09,491140,433855,921585,90921,65507,110110,108637,64828,23526,
2021-12-10,492904,434945,925218,91267,65564,110358,108963,64955,23644,
2021-12-11,494596,435439,927287,91553,65578,110525,109066,65032,23648,
2021-12-12,495386,435684,928692,91708,65590,110659,109139,65041,23664,
2021-12-13,495847,436774,932181,91834,65683,110904,109443,65121,23732,
2021-12-14,497371,437971,936202,92190,65792,111314,109752,65217,23867,
2021-12-15,499575,438962,939623,92498,65849,111678,110072,65456,23985,
2021-12-16,501382,439889,943459,92855,65902,111997,110406,65681,24103,
2021-12-17,503393,440892,947117,93188,65961,112287,110916,65814,24239,
2021-12-18,505097,441378,949577,93465,66034,112397,111150,65841,24278,
2021-12-19,506087,441552,951453,93633,66058,112429,111310,65931,24279,
2021-12-20,506681,442567,955394,93799,66182,112733,111672,66042,24374,
2021-12-21,507969,443631,959644,94222,66274,113266,112022,66261,24495,
2021-12-22,509808,444622,962390,94571,66366,113537,112471,66417,24633,
2021-12-23,511864,445361,966043,95012,66460,113841,112807,66736,24809,
2021-12-24,513839,446217,968993,95311,66518,114221,113140,66781,24954,
2021-12-25,515367,446386,,95697,,114319,113228,66930,24974,
2021-12-26,515891,446655,972420,95818,66615,114492,113401,66950,25072,
2021-12-27,516540,447884,975524,95897,66671,115068,113755,67137,25211,
2021-12-28,518811,449332,979917,96260,66824,115654,114248,67410,25461,
2021-12-29,521079,450612,984820,96632,66979,115952,114931,67684,25573,
2021-12-30,523017,451993,991156,96964,67097,116388,115809,68124,25793,
2021-12-31,525086,453445,997599,97370,67216,116882,116550,68525,26042,
2022-01-01,527313,453748,999960,97947,67325,117005,116601,68645,26050,
2022-01-02,527692,454122,1003030,98098,67340,117060,116803,68869,26154,
2022-01-03,528149,455509,1007814,98232,67401,117500,117329,69101,26214,
2022-01-04,529714,456873,1012853,98643,67628,117893,118165,69565,26339,
2022-01-05,531337,458691,1018638,99102,67750,118361,118853,70131,26466,
2022-01-06,533371,460251,1024255,99827,67995,118924,119622,70735,26533,
2022-01-07,535622,462036,1029719,100425,68295,119585,120692,71371,26615,
2022-01-08,537501,463042,1033365,100988,68644,120042,121438,71612,26631,
2022-01-09,539227,463747,1035573,101540,68819,120297,122008,71716,26643,
2022-01-10,540602,465557,1039913,101817,69018,120746,122670,71972,26695,
2022-01-11,542381,467669,1044963,102348,69304,121316,123808,72608,26779,
2022-01-12,544656,469662,1051121,102805,69670,122055,125026,73260,26899,
2022-01-13,547589,471722,1057548,103550,70039,122792,126146,73663,26927,
2022-01-14,550331,473983,1063994,104361,70353,123555,127423,74088,27150,
2022-01-15,552903,475126,1067506,105093,70647,124090,128360,74378,27208,
2022-01-16,555009,475717,1069540,105520,70811,124427,128746,74473,27214,
2022-01-17,556607,477628,1075184,105719,71028,125096,129592,74755,27277,
2022-01-18,558500,479658,1081133,106426,71317,125961,130697,75525,27389,
2022-01-19,560824,481800,1087220,107337,71560,126850,131637,76073,27533,
2022-01-20,563080,483992,1094257,108001,71815,127554,132552,76539,27688,
2022-01-21,564953,486123,1100120,108633,72060,128149,133444,77002,27768,2698252
2022-01-22,567231,487016,1102908,109270,72280,128419,133920,77295,27791,2706130
2022-01-23,568879,487483,1105021,109747,72345,128551,134156,77391,27796,2711369
2022-01-24,570697,489603,1110553,109908,72780,129033,134880,77741,27900,2723095
2022-01-25,573441,492277,1116402,110479,73019,129520,135673,78428,28033,2737272
2022-01-26,576273,494702,1121613,110990,73554,129955,136439,78815,28171,2750512
2022-01-27,579609,496681,1127159,111517,73842,130358,137262,79171,28235,2763834
2022-01-28,582168,499031,1132607,112044,74158,130782,137853,79498,28315,2776456
2022-01-29,584631,500193,1135819,112572,74340,130955,138212,79769,28326,2784817
2022-01-30,586234,500771,1137369,112902,74448,131007,138386,79820,28351,2789288
2022-01-31,587820,502583,1142888,113054,74653,131360,138909,80039,28423,2799729
2022-02-01,590357,504563,1148429,113470,74823,131669,139360,80206,28485,2811362
2022-02-02,593569,506553,1153870,113824,75008,131946,139788,80320,28589,2823467
2022-02-03,596275,508823,1159496,114147,75112,132322,140330,80521,28653,2835679
2022-02-04,598591,510647,1164803,114452,75291,132575,140772,80923,28772,2846826
2022-02-05,599249,511633,1167306,114733,75453,132697,140948,81051,28782,2851852
2022-02-06,600182,512042,1169067,114936,75556,132780,141049,81136,28783,2855531
2022-02-07,600900,514141,1173873,115032,75655,133079,141412,81354,28860,2864306
2022-02-08,603546,515622,1178937,115343,75811,133379,141824,81649,28954,2875065
2022-02-09,606019,516962,1183320,115695,75930,133660,142137,81936,28980,2884639
2022-02-10,608842,518261,1187601,116076,76073,133877,142406,82087,29028,2894251
2022-02-11,611044,519623,1191859,116216,76170,134093,142703,82376,29059,2903143
2022-02-12,612644,520206,1193735,116628,76258,134157,142846,82604,29061,2908139
2022-02-13,613308,520482,1194850,116821,76276,134209,142935,82685,29068,2910634
2022-02-14,613723,521666,1198409,116900,76388,134423,143224,82836,29124,2916693
2022-02-15,615165,522721,1201436,117287,76501,134673,143494,83133,29155,2923565
2022-02-16,617287,523951,1204286,117599,76652,134883,143747,83263,29247,2930915
2022-02-17,619295,525109,1207382,117869,76753,135028,143963,83382,29317,2938098
2022-02-18,621000,526149,1209996,118168,76891,135265,144212,83669,29383,2944733
2022-02-19,622138,526706,1211859,118408,76954,135343,144343,83710,29458,2948919
2022-02-20,623332,527071,1212862,118566,76969,135401,144445,83801,29526,2951973
2022-02-21,623588,527951,1215926,118657,77039,135626,144732,83908,29643,2957070
2022-02-22,625199,529081,1218865,118900,77163,135807,144957,83998,29701,2963671
2022-02-23,627357,529923,1221992,119235,77257,136020,145188,84162,29728,2970862
2022-02-24,628610,530667,1224883,119487,77348,136146,145396,84227,29768,2976532
