,Beni,Chuquisaca,Cochabamba,La Paz,Oruro,Pando,Potosi,Santa Cruz,Tarija
2020-05-08,1.000,0.000,0.154,0.180,0.125,0.000,0.000,0.439,0.231
2020-05-09,0.000,0.103,0.109,0.057,0.625,0.000,0.000,0.586,0.500
2020-05-11,0.893,0.000,0.556,0.048,0.000,0.000,0.143,0.294,0.000
2020-05-16,0.030,0.100,0.188,0.031,0.111,0.000,0.000,0.547,0.000
2020-05-22,0.819,0.000,0.268,0.085,0.286,0.000,0.000,0.513,0.143
2020-05-25,0.429,0.333,0.179,0.134,0.143,0.000,0.167,0.688,0.024
2020-05-28,0.748,0.000,0.462,0.119,0.211,0.000,0.047,0.613,0.115
2020-05-29,0.886,0.000,0.469,0.253,0.583,0.050,0.500,0.491,0.038
2020-06-03,0.751,0.111,0.357,0.132,0.190,1.000,0.263,0.598,0.070
2020-06-06,0.721,0.077,0.390,0.205,0.173,0.750,0.293,0.642,0.220
2020-06-08,0.720,0.364,0.250,0.175,0.778,0.000,0.312,0.506,0.194
2020-06-09,0.702,0.000,0.460,0.212,0.226,0.439,0.158,0.567,0.115
2020-06-10,0.570,0.643,0.606,0.215,0.309,0.500,0.192,0.494,0.017
2020-06-11,0.477,0.203,0.567,1.000,0.282,0.366,0.387,0.594,0.110
2020-06-12,0.500,0.256,0.400,0.142,0.348,0.441,0.750,0.601,0.400
2020-06-13,0.415,0.254,0.471,0.323,0.275,0.446,0.193,0.826,0.385
2020-06-15,0.190,0.349,0.428,0.208,0.344,0.700,0.164,0.673,0.478
2020-06-16,0.681,0.185,0.507,0.233,0.234,0.364,0.277,0.763,0.591
2020-06-17,0.618,0.238,0.615,1.000,0.571,0.845,0.279,0.742,0.366
2020-06-18,0.556,0.495,0.513,1.000,0.442,0.719,0.212,0.694,0.213
2020-06-19,0.681,0.177,0.609,0.124,0.258,0.296,0.158,0.625,0.109
2020-06-20,0.505,0.416,0.537,0.341,0.208,0.573,0.187,0.780,0.287
2020-06-21,0.604,0.600,0.650,0.470,0.396,0.667,0.400,0.459,0.068
2020-06-22,0.407,0.000,0.663,0.308,0.661,0.700,0.504,0.392,0.377
2020-06-23,0.599,0.266,0.358,0.298,0.792,0.692,0.233,0.627,0.407
2020-06-24,0.493,0.301,0.853,0.478,0.750,1.000,0.485,0.964,0.302
2020-06-25,0.458,0.340,0.667,0.499,0.512,1.000,0.200,0.895,0.590
2020-06-26,0.452,0.231,0.595,0.506,0.623,0.538,inf,0.385,0.312
2020-06-27,0.418,0.229,0.629,0.435,0.250,0.500,0.333,0.796,0.488
2020-06-29,0.272,0.086,0.446,0.489,0.955,1.000,0.958,0.788,0.557
2020-07-01,0.372,0.252,0.473,0.434,0.750,0.944,0.172,0.729,0.363
2020-07-02,0.380,0.205,0.551,0.441,0.583,0.794,0.886,0.859,0.359
2020-07-03,0.492,0.241,0.707,0.446,0.684,0.160,0.167,0.818,0.344
2020-07-04,0.714,0.259,0.553,0.452,0.473,0.615,0.566,0.808,0.428
2020-07-06,0.687,0.429,0.542,0.637,0.893,0.758,0.362,0.688,0.667
2020-07-07,0.498,0.324,0.543,0.429,0.802,0.645,0.317,0.792,0.337
2020-07-17,0.538,-3.067,0.536,0.503,0.596,1.000,0.650,0.689,0.618
2020-07-18,0.848,0.394,0.604,0.658,0.528,0.890,0.500,0.788,0.665
2020-07-19,0.774,0.202,0.603,0.529,0.596,0.765,0.444,0.647,0.791
2020-07-20,0.681,0.516,0.482,0.663,0.393,0.800,0.727,0.914,0.578
2020-07-22,0.500,0.720,0.652,0.808,0.574,0.935,0.718,0.445,0.455
2020-07-23,0.667,0.717,0.597,0.636,0.670,0.579,0.378,0.298,0.462
2020-07-24,0.629,0.807,0.684,0.566,0.729,0.864,0.467,1.000,0.282
2020-07-25,0.812,0.950,0.569,0.640,0.559,0.750,0.238,0.315,0.526
2020-07-26,0.333,0.889,0.614,0.615,0.619,0.667,0.511,0.358,0.606
2020-07-27,0.833,1.000,0.468,1.000,0.717,0.667,0.636,0.528,0.567
2020-07-28,0.714,1.000,0.538,0.458,0.474,1.000,0.789,0.400,0.596
2020-07-29,0.417,1.000,0.645,0.606,0.643,0.719,0.429,0.549,0.636
2020-07-30,0.554,1.000,0.507,0.730,0.611,0.750,0.400,0.324,0.626
2020-07-31,0.428,0.500,0.579,0.571,0.000,0.632,0.552,0.414,0.670
2020-08-01,0.610,0.494,0.480,1.000,0.879,0.450,0.708,0.315,0.627
2020-08-02,0.536,0.516,0.614,0.455,0.449,0.000,0.903,0.253,0.827
2020-08-03,0.174,0.611,0.656,0.803,1.000,0.333,0.850,0.317,0.691
2020-08-04,0.320,0.697,0.384,0.858,0.654,0.933,0.878,0.403,0.733
2020-08-05,0.301,0.429,0.457,0.616,0.854,0.837,1.000,0.340,0.593
2020-08-06,0.271,0.579,0.522,0.795,0.414,0.786,0.277,0.368,0.545
2020-08-07,0.195,0.439,0.483,0.633,0.444,0.744,0.395,0.248,1.000
2020-08-08,0.266,0.508,0.301,0.669,0.678,0.691,0.737,0.264,0.500
2020-08-10,0.470,0.654,0.400,0.646,0.923,0.654,0.669,0.327,0.543
2020-08-11,0.625,0.603,0.332,0.677,0.518,0.635,0.358,0.232,0.584
2020-08-12,0.429,0.749,0.441,0.561,0.553,0.757,0.397,0.250,0.637
2020-08-13,0.414,0.779,0.410,1.000,0.542,0.704,0.727,0.228,0.598
2020-08-14,0.000,0.995,0.495,0.512,0.357,0.615,0.513,0.237,0.800
2020-08-15,0.300,0.854,0.489,0.282,0.474,0.604,0.471,0.160,0.615
2020-08-16,0.000,0.881,0.812,0.455,0.519,0.583,0.347,0.210,0.852
2020-08-17,0.378,0.816,0.289,1.000,0.483,0.692,0.159,0.245,0.800
2020-08-18,0.443,0.583,0.271,0.245,0.457,0.815,0.627,0.128,0.974
2020-08-19,0.763,0.543,0.310,0.649,0.417,0.325,0.354,0.431,0.947
2020-08-20,0.716,0.908,0.266,0.192,0.614,0.696,0.551,0.289,0.823
2020-08-21,0.863,0.311,0.356,0.571,0.552,0.790,0.705,0.221,0.894
2020-08-22,0.866,0.475,0.447,0.265,0.466,0.786,0.427,0.266,0.823
2020-08-23,0.520,0.528,0.306,0.233,0.815,0.400,0.507,0.256,0.773
2020-08-24,0.280,1.000,0.388,0.527,0.707,0.750,0.213,0.210,0.956
2020-08-25,0.471,0.547,0.260,0.480,0.240,0.647,0.362,0.294,0.944
2020-08-26,0.643,0.464,0.268,0.292,0.405,0.444,0.583,0.321,0.342
2020-08-27,0.445,0.500,0.362,0.294,0.340,0.467,0.393,0.250,0.497
2020-08-28,0.750,0.490,0.246,0.270,0.613,0.393,0.506,0.257,0.650
2020-08-29,0.475,0.410,0.446,0.463,0.230,0.538,0.312,0.165,0.619
2020-08-30,0.571,0.486,0.061,0.259,0.341,0.667,0.000,0.434,0.714
2020-08-31,0.231,0.524,0.315,0.232,0.188,1.000,0.469,0.287,0.548
2020-09-01,0.547,0.493,0.196,0.136,0.222,0.522,0.520,0.307,0.604
2020-09-02,0.386,0.468,0.313,0.251,0.696,0.231,0.430,0.251,0.412
2020-09-03,0.719,0.420,0.159,0.289,0.486,0.556,0.342,0.172,0.715
2020-09-04,0.327,0.275,0.186,0.608,0.443,0.538,0.277,0.249,0.504
2020-09-05,0.560,0.463,0.168,0.164,0.271,0.750,0.581,0.180,0.785
2020-09-06,0.700,0.508,0.205,0.220,0.359,0.750,0.400,0.164,0.635
2020-09-07,0.349,0.156,0.042,0.253,0.188,0.667,0.493,0.249,0.516
2020-09-08,0.316,0.290,0.261,0.114,0.192,0.667,0.433,0.230,0.631
2020-09-09,0.614,0.414,0.213,0.442,0.493,1.000,0.514,0.190,0.506
2020-09-10,0.412,0.238,0.184,0.118,0.288,0.000,0.665,0.177,0.519
2020-09-15,0.500,0.324,0.314,0.240,0.173,0.000,0.368,0.220,0.716
2020-09-16,0.378,0.397,0.119,0.308,0.229,0.500,0.459,0.186,0.639
2020-09-17,0.353,0.455,0.192,0.062,0.246,0.000,0.568,0.118,0.676
2020-09-18,0.417,0.305,0.202,0.063,0.212,1.000,0.307,0.111,0.664
2020-09-19,0.500,0.222,0.133,0.159,0.261,0.000,0.325,0.133,0.634
2020-09-22,0.390,0.412,0.119,0.071,0.137,0.500,0.675,0.158,0.662
2020-09-24,0.235,0.224,0.179,0.117,0.355,1.000,0.467,0.152,0.778
2020-09-25,0.183,0.404,0.218,0.192,0.230,0.000,0.435,0.395,0.598
2020-09-27,0.000,0.474,0.211,0.096,0.400,1.000,0.134,0.400,0.843
2020-09-28,0.000,0.311,0.183,0.080,0.130,0.500,0.563,0.182,0.711
2020-09-29,0.000,0.215,0.217,0.143,0.121,0.250,0.241,0.149,0.829
2020-09-30,0.583,0.250,0.098,0.071,0.128,0.250,0.393,0.116,0.810
2020-10-01,0.237,0.231,0.149,0.118,0.255,0.333,0.348,0.077,0.808
2020-10-03,0.270,0.318,0.039,0.086,0.097,0.000,0.304,0.161,0.508
2020-10-06,0.000,0.200,0.189,0.000,0.275,0.250,0.683,0.128,0.787
2020-10-12,0.286,0.282,0.112,0.026,0.178,0.000,0.339,0.085,0.390
2020-10-14,0.000,0.241,0.043,0.044,0.200,0.500,0.466,0.182,0.671
2020-10-15,0.111,0.157,0.117,0.387,0.086,0.000,0.300,0.102,0.584
2020-10-16,0.531,0.400,0.187,0.087,0.250,0.000,0.354,0.102,0.644
2020-10-17,0.182,0.443,0.043,0.035,0.188,0.000,0.565,0.062,0.538
2020-10-20,0.296,0.184,0.306,0.053,0.190,0.400,0.413,0.134,0.461
2020-10-21,0.190,0.224,0.147,0.119,0.115,0.000,0.224,0.123,0.386
2020-10-22,0.211,0.241,0.050,0.057,0.232,0.000,0.146,0.124,0.682
2020-10-26,0.000,0.123,0.103,0.061,0.040,0.000,0.177,0.094,0.500
2020-10-27,0.000,0.155,0.073,0.112,0.286,0.000,0.178,0.115,0.620
2020-10-28,0.167,0.312,0.146,0.091,0.110,0.000,0.101,0.124,0.699
2020-10-29,0.000,0.143,0.157,0.097,0.158,0.250,0.217,0.088,0.469
2020-10-30,0.000,0.235,0.093,0.152,0.190,0.333,0.133,0.065,0.552
2020-10-31,0.000,0.203,0.000,0.072,0.114,0.000,0.464,0.056,0.645
2020-11-03,0.545,0.161,0.022,0.098,0.000,1.000,0.218,0.056,0.400
2020-11-04,0.075,0.101,0.186,0.040,0.018,0.200,0.200,0.105,0.373
2020-11-05,0.075,0.107,0.197,0.124,0.048,0.000,0.186,0.083,0.239
2020-11-06,0.143,0.109,0.058,0.078,0.169,0.333,0.200,0.107,0.458
2020-11-11,0.120,0.040,0.094,0.031,0.167,0.200,0.303,0.087,0.433
2020-11-12,0.000,0.038,0.187,0.030,0.102,0.000,0.344,0.099,0.250
2020-11-13,0.083,0.114,0.171,0.194,0.040,0.286,0.786,0.081,0.441
2020-11-14,0.000,0.238,0.018,0.087,0.078,0.167,0.586,0.046,0.227
2020-11-17,0.125,0.066,0.063,0.103,0.049,0.083,0.077,0.107,0.333
2020-11-18,0.182,0.045,0.044,0.096,0.068,0.000,0.349,0.060,0.289
2020-11-19,0.053,0.091,0.189,0.101,0.105,0.125,0.512,0.078,0.288
2020-11-20,0.000,0.062,0.035,0.040,0.109,0.000,0.071,0.077,0.545
2020-11-21,0.000,0.118,0.096,0.030,0.069,0.000,0.132,0.072,0.315
2020-11-24,0.083,0.069,0.108,0.034,0.057,0.029,0.066,0.092,0.387
2020-11-25,0.233,0.057,0.121,0.056,0.063,0.125,0.258,0.107,0.121
2020-11-26,0.000,0.047,0.216,0.030,0.088,0.333,0.149,0.109,0.222
2020-11-27,0.100,0.115,0.119,0.061,0.083,0.048,0.214,0.063,0.125
2020-11-28,0.000,0.177,0.037,0.056,0.034,0.037,0.038,0.083,0.548
2020-11-30,0.100,0.194,0.077,0.023,0.065,1.000,0.294,0.081,0.333
2020-12-01,0.000,0.038,0.067,0.023,0.029,0.091,0.054,0.087,0.409
2020-12-02,0.667,0.082,0.105,0.051,0.066,0.143,0.327,0.168,0.286
2020-12-03,0.125,0.076,0.075,0.120,0.167,0.000,0.324,0.138,0.214
2020-12-04,0.136,0.067,0.080,0.053,0.161,0.333,0.268,0.115,0.400
2020-12-05,0.083,0.096,0.051,0.060,0.120,0.333,0.491,0.136,0.222
2020-12-08,0.077,0.192,0.139,0.060,0.140,0.000,0.321,0.174,0.200
2020-12-09,0.143,0.065,0.097,0.091,0.164,0.300,0.500,0.181,0.105
2020-12-10,0.062,0.107,0.131,0.102,0.109,0.417,0.415,0.233,0.197
2020-12-11,0.000,0.157,0.142,0.188,0.080,0.583,0.190,0.247,0.293
2020-12-12,0.091,0.070,0.134,0.174,0.167,0.214,0.299,0.254,0.263
2020-12-13,0.000,0.205,0.010,0.147,0.263,0.333,0.346,0.313,0.182
2020-12-14,0.286,0.167,0.099,0.052,0.200,0.125,0.140,0.320,0.118
2020-12-15,0.286,0.152,0.083,0.263,0.196,0.143,0.308,0.214,0.486
2020-12-16,0.133,0.059,0.160,0.248,0.200,0.278,0.542,0.272,0.545
2020-12-17,0.250,0.070,0.095,0.229,0.157,0.522,0.135,0.331,0.333
2020-12-18,0.107,0.119,0.234,0.277,0.595,0.357,0.288,0.317,0.429
2020-12-19,0.083,0.219,0.181,0.267,0.310,0.474,0.237,0.297,0.261
2020-12-21,0.000,0.056,0.392,0.317,0.240,1.000,0.333,0.318,0.500
2020-12-22,0.526,0.151,0.255,0.287,0.371,0.321,0.083,0.500,0.733
2020-12-23,0.400,0.201,0.213,0.425,0.370,0.407,0.097,0.367,0.556
2020-12-24,0.400,0.290,0.304,0.432,0.268,0.423,0.345,0.395,0.788
2020-12-28,0.900,0.199,0.292,0.391,0.273,0.667,0.200,0.541,0.316
2020-12-29,0.439,0.297,0.400,0.364,0.472,0.655,0.303,0.389,0.408
2020-12-30,0.888,0.298,0.306,0.399,0.429,0.517,0.290,0.444,0.678
2020-12-31,0.683,0.446,0.294,0.452,0.343,0.405,0.407,0.436,0.493
2021-01-01,0.516,0.264,0.640,0.428,0.417,0.515,0.250,0.627,0.765
2021-01-04,0.845,0.398,0.327,0.647,0.343,0.667,0.455,0.352,0.579
2021-01-05,0.663,0.286,0.339,0.457,0.343,0.500,0.398,0.383,0.461
2021-01-06,0.806,0.337,0.400,0.489,0.558,0.480,0.434,0.391,0.579
2021-01-07,0.757,0.349,0.379,0.487,0.345,0.487,0.414,0.401,0.404
2021-01-08,0.985,0.463,0.368,0.507,0.384,0.550,0.297,0.370,0.500
2021-01-09,0.704,0.411,0.315,0.418,0.528,0.436,0.336,0.431,0.763
2021-01-11,0.915,0.466,0.363,0.470,0.417,0.593,0.409,0.391,0.548
2021-01-12,0.975,0.355,0.257,0.452,0.512,0.446,0.354,0.423,0.385
2021-01-13,0.833,0.435,0.311,0.390,0.335,0.489,0.400,0.392,0.706
2021-01-14,0.788,0.490,0.342,0.462,0.482,0.414,0.441,0.359,0.678
2021-01-15,0.857,0.392,0.404,0.403,0.381,0.462,0.279,0.397,0.569
2021-01-16,0.620,0.546,0.314,0.412,0.390,0.424,0.387,0.419,0.400
2021-01-17,0.800,0.336,0.243,0.466,0.524,0.380,0.402,0.509,0.421
2021-01-18,0.497,0.414,0.287,0.400,0.490,0.463,0.417,0.704,0.369
2021-01-19,0.643,0.401,0.390,0.299,0.491,0.487,0.582,0.364,0.528
2021-01-20,0.558,0.468,0.311,0.337,0.552,0.363,0.540,0.792,0.512
2021-01-21,0.672,0.377,0.332,0.379,0.371,0.259,0.509,0.392,0.474
2021-01-22,0.439,0.425,0.272,0.237,0.461,0.262,0.416,0.397,0.522
2021-01-23,0.468,0.333,0.307,0.454,0.468,0.211,0.443,0.328,0.534
2021-01-24,0.449,0.469,0.126,0.346,0.538,0.476,0.613,0.310,0.360
2021-01-25,0.153,0.357,0.367,0.411,0.534,0.244,0.400,0.361,0.410
2021-01-26,0.423,0.385,0.247,0.309,0.620,0.170,0.322,0.287,0.395
2021-01-27,0.608,0.227,0.271,0.429,0.524,0.205,0.278,0.335,0.351
2021-01-28,0.426,0.258,0.254,0.296,0.443,0.216,0.308,0.374,0.350
2021-01-29,0.452,0.311,0.241,0.364,0.404,0.191,0.290,0.316,0.373
2021-01-30,0.419,0.366,0.234,0.306,0.437,0.200,0.365,0.319,0.325
2021-01-31,0.415,0.298,0.267,0.369,0.489,0.240,0.291,0.373,0.320
2021-02-01,0.182,0.231,0.210,0.333,0.342,0.209,0.395,0.282,0.296
2021-02-02,0.367,0.250,0.203,0.310,0.399,0.224,0.479,0.286,0.333
2021-02-03,0.294,0.295,0.212,0.286,0.399,0.370,0.244,0.305,0.356
2021-02-04,0.268,0.299,0.249,0.206,0.459,0.220,0.248,0.280,0.308
2021-02-05,0.382,0.277,0.184,0.267,0.352,0.422,0.222,0.245,0.358
2021-02-06,0.243,0.238,0.187,0.224,0.407,0.375,0.158,0.199,0.519
2021-02-07,0.215,0.229,0.098,0.253,0.392,0.314,0.225,0.277,0.500
2021-02-08,0.176,0.336,0.181,0.314,0.549,0.087,0.166,0.249,0.403
2021-02-09,0.215,0.235,0.160,0.230,0.415,0.318,0.143,0.235,0.323
2021-02-10,0.299,0.220,0.173,0.247,0.420,0.284,0.257,0.183,0.422
2021-02-12,0.226,0.300,0.112,0.247,0.305,0.164,0.156,0.206,0.348
2021-02-13,0.211,0.260,0.158,0.188,0.404,0.154,0.240,0.173,0.401
2021-02-14,0.476,0.251,0.276,0.282,0.225,0.130,0.329,0.179,0.382
2021-02-15,0.000,0.187,0.200,0.261,0.239,0.000,0.348,0.071,0.457
2021-02-16,0.318,0.226,0.148,0.531,0.424,0.412,0.246,0.097,0.261
2021-02-17,0.154,0.248,0.173,0.207,0.429,0.140,0.212,0.163,0.399
2021-02-18,0.210,0.272,0.157,0.138,0.316,0.103,0.167,0.133,0.280
2021-02-19,0.171,0.339,0.149,0.174,0.308,0.111,0.231,0.138,0.353
2021-02-20,0.414,0.235,0.177,0.191,0.430,0.132,0.244,0.160,0.491
2021-02-21,0.172,0.197,0.110,0.349,0.235,0.195,0.285,0.101,0.095
2021-02-22,0.172,0.358,0.212,0.176,0.395,0.057,0.370,0.101,0.420
2021-02-23,0.261,0.263,0.173,0.137,0.313,0.065,0.107,0.151,0.357
2021-02-24,0.224,0.207,0.157,0.140,0.437,0.151,0.032,0.135,0.379
2021-02-25,0.154,0.209,0.133,0.165,0.239,0.119,0.037,0.132,0.405
2021-02-26,0.206,0.229,0.131,0.158,0.282,0.065,0.346,0.102,0.390
2021-02-27,0.164,0.117,0.106,0.181,0.274,0.011,0.152,0.112,0.370
2021-02-28,0.381,0.184,0.127,0.093,0.219,0.000,0.704,0.096,0.425
2021-03-01,0.223,0.105,0.089,0.081,0.345,0.049,0.141,0.121,0.265
2021-03-02,0.166,0.257,0.103,0.058,0.212,0.055,0.203,0.113,0.300
2021-03-03,0.144,0.141,0.091,0.098,0.230,0.022,0.118,0.118,0.255
2021-03-04,0.121,0.250,0.101,0.112,0.313,0.029,0.218,0.187,0.202
2021-03-05,0.065,0.201,0.065,0.127,0.181,0.042,0.167,0.120,0.262
2021-03-06,0.242,0.224,0.128,0.072,0.227,0.120,0.047,0.160,0.218
2021-03-07,0.429,0.250,0.076,0.111,0.122,0.066,0.168,0.194,0.255
2021-03-08,0.314,0.282,0.104,0.071,0.400,0.156,0.222,0.133,0.285
2021-03-09,0.201,0.103,0.069,0.166,0.230,0.250,0.254,0.157,0.268
2021-03-10,0.274,0.178,0.101,0.104,0.248,0.185,0.154,0.133,0.216
2021-03-11,0.122,0.174,0.061,0.111,0.126,0.433,0.106,0.098,0.233
2021-03-12,0.255,0.208,0.079,0.112,0.260,0.200,0.022,0.116,0.159
2021-03-13,0.311,0.193,0.063,0.103,0.211,0.200,0.201,0.141,0.085
2021-03-14,0.277,0.200,0.050,0.095,0.131,0.146,0.061,0.069,0.286
2021-03-15,0.218,0.184,0.056,0.089,0.253,0.178,0.109,0.084,0.149
2021-03-16,0.309,0.210,0.087,0.091,0.205,0.291,0.167,0.125,0.144
2021-03-17,0.306,0.154,0.090,0.114,0.192,0.252,0.185,0.113,0.150
2021-03-18,0.245,0.268,0.061,0.106,0.170,0.280,0.119,0.129,0.193
2021-03-19,0.372,0.267,0.072,0.053,0.257,0.545,0.131,0.132,0.185
2021-03-20,0.312,0.257,0.089,0.100,0.194,0.241,0.105,0.141,0.162
2021-03-21,0.375,0.148,0.170,0.083,0.143,-0.438,0.146,0.079,0.245
2021-03-22,0.235,0.273,0.061,0.072,0.250,0.207,0.191,0.079,0.156
2021-03-23,0.258,0.129,0.057,0.083,0.176,0.291,0.032,0.114,0.149
2021-03-24,0.322,0.227,0.092,0.071,0.200,0.179,0.082,0.119,0.158
2021-03-25,0.106,0.163,0.065,0.109,0.153,0.221,0.113,0.128,0.128
2021-03-26,0.207,0.157,0.104,0.075,0.265,0.347,0.079,0.089,0.157
2021-03-27,0.255,0.190,0.125,0.061,0.155,0.289,0.059,0.482,0.137
2021-03-28,0.159,0.274,0.052,0.162,0.239,0.252,0.111,0.172,0.119
2021-03-29,0.189,0.215,0.059,0.160,0.241,0.142,0.052,0.098,0.176
2021-03-30,0.242,0.153,0.094,0.090,0.196,0.203,0.049,0.150,0.150
2021-03-31,0.137,0.118,0.072,0.099,0.156,0.258,0.037,0.129,0.205
2021-04-01,0.317,0.177,0.060,0.112,0.139,0.178,0.065,0.144,0.191
2021-04-02,0.095,0.179,0.062,0.128,0.118,0.189,0.153,0.175,0.121
2021-04-03,0.290,0.300,0.077,0.127,0.089,0.153,0.000,0.136,0.248
2021-04-04,0.136,0.247,0.073,0.085,0.095,0.133,0.527,0.113,0.063
2021-04-05,0.278,0.087,0.057,0.235,0.260,0.336,0.300,1.000,0.227
2021-04-06,0.171,0.116,0.090,0.060,0.141,0.178,0.091,0.064,0.208
2021-04-07,0.205,0.176,0.083,0.105,0.126,0.159,0.085,0.106,0.180
2021-04-08,0.227,0.123,0.069,0.134,0.100,0.314,0.150,0.103,0.166
2021-04-09,0.209,0.146,0.073,0.103,0.187,0.359,0.126,0.124,0.161
2021-04-10,0.176,0.063,0.091,0.264,0.092,0.174,0.217,0.099,0.151
2021-04-11,0.050,0.206,0.041,0.160,0.087,0.157,0.034,0.065,0.101
2021-04-12,0.490,0.196,0.072,0.091,0.197,0.174,0.164,0.082,0.227
2021-04-13,0.106,0.172,0.074,0.177,0.165,0.275,0.128,0.094,0.125
2021-04-14,0.276,0.147,0.075,0.129,0.172,0.152,0.215,0.097,0.209
2021-04-15,0.166,0.155,0.077,0.143,0.153,0.268,0.050,0.077,0.140
2021-04-16,0.229,0.200,0.108,0.195,0.122,0.242,0.250,0.112,0.181
2021-04-17,0.107,0.192,0.060,0.203,0.111,0.081,0.018,0.206,0.431
2021-04-18,0.072,0.189,0.154,0.168,0.184,0.163,0.250,0.108,0.117
2021-04-19,0.160,0.171,0.110,0.105,0.155,0.149,0.221,0.104,0.263
2021-04-20,0.254,0.201,0.102,0.080,0.160,0.188,0.087,0.101,0.159
2021-04-21,0.148,0.161,0.137,0.089,0.138,0.151,0.105,0.127,0.164
2021-04-22,0.291,0.169,0.097,0.097,0.142,0.159,0.097,0.121,0.135
2021-04-23,0.237,0.191,0.107,0.182,0.168,0.277,0.138,0.147,0.187
2021-04-24,0.190,0.156,0.162,0.241,0.091,0.135,0.192,0.232,0.249
2021-04-25,0.207,0.242,0.100,0.162,0.101,0.035,0.220,0.092,0.032
2021-04-26,0.099,0.219,0.164,0.059,0.282,0.197,0.054,0.126,0.219
2021-04-27,0.179,0.203,0.132,0.089,0.213,0.168,0.162,0.121,0.230
2021-04-28,0.148,0.154,0.149,0.168,0.194,0.255,0.440,0.114,0.209
2021-04-29,0.330,0.207,0.115,0.296,0.199,0.130,0.257,0.084,0.193
2021-04-30,0.148,0.191,0.129,0.133,0.259,0.190,0.400,0.112,0.245
2021-05-01,0.640,0.199,0.177,0.188,0.200,0.200,0.167,0.072,0.211
2021-05-02,0.323,0.315,0.101,0.297,0.262,0.318,0.173,0.107,0.300
2021-05-03,0.131,0.250,0.239,0.236,0.254,0.202,0.180,0.105,0.291
2021-05-04,0.414,0.269,0.189,0.110,0.314,0.131,0.617,0.104,0.246
2021-05-05,0.313,0.219,0.176,0.123,0.293,0.106,0.369,0.121,0.246
2021-05-06,0.142,0.375,0.198,0.132,0.328,0.135,0.288,0.163,0.207
2021-05-07,0.287,0.348,0.172,0.165,0.332,0.185,0.242,0.183,0.246
2021-05-08,0.386,0.250,0.231,0.181,0.249,0.124,0.232,0.208,0.198
2021-05-09,0.186,0.215,0.194,0.260,0.269,0.043,0.311,0.192,0.460
2021-05-10,0.487,0.339,0.226,0.224,0.302,0.060,0.184,0.160,0.270
2021-05-11,0.318,0.301,0.236,0.160,0.290,0.202,0.290,0.167,0.333
2021-05-12,0.266,0.360,0.192,0.161,0.358,0.218,0.372,0.188,0.262
2021-05-13,0.269,0.252,0.195,0.239,0.319,0.190,0.354,0.156,0.303
2021-05-14,0.386,0.327,0.235,0.259,0.360,0.181,0.241,0.183,0.263
2021-05-15,0.280,0.278,0.224,0.236,0.303,0.429,0.382,0.260,0.369
2021-05-16,0.333,0.293,0.233,0.186,0.319,0.333,0.436,0.238,0.295
2021-05-17,0.355,0.265,0.233,0.246,0.271,0.220,0.093,0.228,0.289
2021-05-18,0.196,0.265,0.216,0.195,0.334,0.266,0.347,0.224,0.330
2021-05-19,0.261,0.345,0.236,0.212,0.245,0.330,0.497,0.181,0.300
2021-05-20,0.117,0.321,0.232,0.149,0.290,0.167,0.304,0.219,0.228
2021-05-21,0.167,0.293,0.258,0.202,0.298,0.227,0.275,0.226,0.244
2021-05-22,0.292,0.272,0.252,0.289,0.259,0.085,0.196,0.193,0.307
2021-05-23,0.271,0.373,0.286,0.181,0.324,0.071,0.344,0.217,0.159
2021-05-24,0.138,0.368,0.196,0.257,0.280,0.295,0.494,0.181,0.269
2021-05-25,0.392,0.355,0.230,0.166,0.294,0.217,0.328,0.216,0.236
2021-05-26,0.385,0.273,0.218,0.169,0.406,0.118,0.214,0.187,0.252
2021-05-27,0.327,0.373,0.214,0.174,0.334,0.096,0.553,0.169,0.272
2021-05-28,0.214,0.288,0.209,0.163,0.379,0.093,0.458,0.194,0.193
2021-05-29,0.067,0.274,0.274,0.196,0.297,0.120,0.582,0.196,0.142
2021-05-30,-0.321,0.281,0.227,0.214,0.327,0.176,0.428,0.192,0.150
2021-05-31,-0.441,0.230,0.223,0.288,0.459,0.240,0.300,0.189,0.149
2021-06-01,0.145,0.272,0.255,0.189,0.271,0.247,0.405,0.229,0.245
2021-06-02,0.208,0.322,0.236,0.177,0.298,0.160,0.333,0.218,0.244
2021-06-03,0.431,0.294,0.228,0.211,0.320,0.250,0.466,0.192,0.247
2021-06-04,0.279,0.355,0.205,0.342,0.296,0.193,0.389,0.204,0.275
2021-06-05,0.345,0.311,0.205,0.258,0.267,0.138,0.239,0.217,0.313
2021-06-06,0.163,0.302,0.209,0.267,0.307,0.292,0.374,0.151,0.143
2021-06-07,0.269,0.129,0.251,0.353,0.359,0.314,0.346,0.195,0.232
2021-06-08,0.301,0.324,0.188,0.208,0.290,0.258,0.391,0.176,0.233
2021-06-09,0.335,0.296,0.186,0.258,0.301,0.349,0.401,0.187,0.176
2021-06-10,0.265,0.304,0.204,0.209,0.275,0.224,0.500,0.161,0.150
2021-06-11,0.243,0.318,0.225,0.195,0.299,0.234,0.422,0.165,0.155
2021-06-12,0.463,0.320,0.163,0.236,0.184,0.411,0.459,0.197,0.275
2021-06-13,0.500,0.330,0.183,0.307,0.337,0.441,0.383,0.148,0.212
2021-06-14,0.149,0.258,0.190,0.276,0.313,0.471,0.337,0.150,0.212
2021-06-15,0.126,0.293,0.205,0.146,0.271,0.187,0.450,0.146,0.242
2021-06-16,0.211,0.270,0.185,0.156,0.232,0.194,0.508,0.140,0.195
2021-06-17,0.134,0.325,0.176,0.158,0.219,0.240,0.382,0.148,0.267
2021-06-18,0.173,0.250,0.167,0.111,0.186,0.204,0.366,0.144,0.198
2021-06-19,0.237,0.179,0.165,0.190,0.180,0.160,0.427,0.153,0.212
2021-06-20,0.297,0.361,0.272,0.119,0.181,0.156,0.364,0.132,0.275
2021-06-21,0.155,0.347,0.199,0.156,0.233,0.351,0.495,0.115,0.211
2021-06-22,0.175,0.268,0.138,0.113,0.261,0.175,0.497,0.134,0.208
2021-06-23,0.322,0.228,0.165,0.119,0.164,0.144,0.394,0.161,0.191
2021-06-24,0.121,0.327,0.175,0.142,0.271,0.257,0.385,0.196,0.141
2021-06-25,0.203,0.386,0.168,0.125,0.200,0.208,0.371,0.152,0.169
2021-06-26,0.280,0.200,0.173,0.109,0.201,0.032,0.321,0.203,0.257
2021-06-27,0.112,0.197,0.125,0.118,0.263,0.116,0.345,0.146,0.119
2021-06-28,0.189,0.547,0.107,0.209,0.292,0.125,0.342,0.127,0.210
2021-06-29,0.149,0.327,0.140,0.184,0.112,0.132,0.371,0.132,0.214
2021-06-30,0.092,0.227,0.162,0.132,0.184,0.155,0.318,0.138,0.213
2021-07-01,0.185,0.260,0.150,0.101,0.149,0.136,0.289,0.117,0.248
2021-07-02,0.114,0.233,0.122,0.120,0.135,0.111,0.306,0.135,0.266
2021-07-03,0.232,0.310,0.135,0.166,0.124,0.000,0.229,0.154,0.201
2021-07-04,0.085,0.223,0.148,0.140,0.093,0.171,0.435,0.182,0.176
2021-07-05,0.020,0.216,0.133,0.232,0.138,0.143,0.320,0.136,0.238
2021-07-06,0.076,0.245,0.136,0.225,0.157,0.108,0.415,0.139,0.180
2021-07-07,0.068,0.252,0.136,0.112,0.095,0.138,0.308,0.145,0.212
2021-07-08,0.059,0.212,0.119,0.192,0.139,0.075,0.274,0.142,0.198
2021-07-09,0.060,0.214,0.117,0.143,0.147,0.065,0.247,0.142,0.211
2021-07-10,0.100,0.278,0.119,0.103,0.153,0.077,0.322,0.089,0.228
2021-07-11,0.159,0.280,0.161,0.085,0.119,0.143,0.331,0.070,0.200
2021-07-12,0.096,0.202,0.123,0.035,0.245,0.214,0.223,0.130,0.299
2021-07-13,0.066,0.309,0.118,0.099,0.116,0.122,0.159,0.135,0.252
2021-07-14,0.329,0.299,0.140,0.063,0.082,0.068,0.329,0.119,0.217
2021-07-15,0.047,0.263,0.125,0.084,0.109,0.118,0.307,0.129,0.200
2021-07-16,0.079,0.181,0.145,0.105,0.091,0.025,0.279,0.097,0.163
2021-07-17,0.361,0.269,0.162,0.149,0.074,0.050,0.219,0.110,0.205
2021-07-18,0.170,0.252,0.105,0.063,0.145,0.250,0.290,0.107,0.132
2021-07-19,0.052,0.313,0.108,0.058,0.100,0.031,0.234,0.105,0.244
2021-07-20,0.097,0.238,0.119,0.087,0.092,0.014,0.258,0.091,0.176
2021-07-21,0.117,0.234,0.134,0.085,0.093,0.066,0.274,0.096,0.224
2021-07-22,0.062,0.242,0.089,0.107,0.110,0.000,0.340,0.089,0.167
2021-07-23,0.044,0.268,0.106,0.119,0.098,0.049,0.290,0.094,0.169
2021-07-24,0.025,0.270,0.112,0.085,0.093,0.125,0.291,0.103,0.212
2021-07-25,0.048,0.237,0.092,0.152,0.084,0.000,0.237,0.125,0.181
2021-07-26,0.088,0.249,0.090,0.092,0.134,0.066,0.309,0.090,0.273
2021-07-27,0.076,0.146,0.092,0.065,0.036,0.014,0.215,0.083,0.182
2021-07-28,0.012,0.224,0.088,0.069,0.090,0.118,0.221,0.100,0.138
2021-07-29,0.110,0.209,0.097,0.110,0.126,0.114,0.429,0.102,0.163
2021-07-30,0.061,0.228,0.110,0.088,0.090,0.026,0.170,0.086,0.174
2021-07-31,0.024,0.151,0.123,0.104,0.092,0.057,0.355,0.110,0.186
2021-08-01,0.028,0.214,0.160,0.124,0.124,0.000,0.389,0.094,0.125
2021-08-02,0.071,0.259,0.108,0.061,0.037,0.048,0.205,0.083,0.301
2021-08-03,0.066,0.214,0.094,0.072,0.158,0.026,0.263,0.063,0.193
2021-08-04,0.078,0.117,0.115,0.064,0.104,0.041,0.229,0.080,0.154
2021-08-05,0.025,0.133,0.079,0.091,0.085,0.024,0.200,0.068,0.106
2021-08-06,0.160,0.249,0.103,0.097,0.081,0.000,0.304,0.071,0.123
2021-08-07,0.058,0.286,0.070,0.118,0.052,0.000,0.229,0.101,0.140
2021-08-08,0.067,0.365,0.085,0.115,0.032,0.000,0.340,0.108,0.140
2021-08-09,0.087,0.181,0.105,0.103,0.090,0.000,0.253,0.079,0.168
2021-08-10,0.052,0.101,0.110,0.058,0.099,0.043,0.266,0.085,0.158
2021-08-11,0.053,0.155,0.085,0.066,0.086,0.023,0.309,0.074,0.146
2021-08-12,0.060,0.234,0.089,0.092,0.059,0.107,0.232,0.070,0.165
2021-08-13,0.028,0.219,0.090,0.064,0.071,0.086,0.233,0.081,0.149
2021-08-14,0.027,0.123,0.104,0.093,0.123,0.000,0.138,0.064,0.221
2021-08-15,0.015,0.387,0.086,0.121,0.072,0.000,0.351,0.105,0.073
2021-08-16,0.033,0.154,0.083,0.072,0.033,0.085,0.283,0.071,0.201
2021-08-17,0.028,0.111,0.088,0.075,0.084,0.143,0.230,0.072,0.113
2021-08-18,0.036,0.139,0.090,0.071,0.034,0.041,0.185,0.070,0.162
2021-08-19,0.042,0.257,0.074,0.095,0.068,0.061,0.209,0.083,0.144
2021-08-20,0.036,0.124,0.077,0.076,0.088,0.071,0.279,0.083,0.163
2021-08-21,0.068,0.182,0.068,0.075,0.051,0.000,0.297,0.071,0.126
2021-08-22,0.220,0.126,0.077,0.098,0.078,0.250,0.457,0.101,0.087
2021-08-23,0.011,0.184,0.067,0.077,0.000,0.122,0.236,0.066,0.185
2021-08-24,0.026,0.122,0.064,0.060,0.054,0.030,0.185,0.066,0.172
2021-08-25,0.024,0.254,0.088,0.067,0.056,0.056,0.133,0.065,0.124
2021-08-26,0.008,0.174,0.055,0.071,0.057,0.056,0.181,0.050,0.106
2021-08-27,0.000,0.184,0.067,0.070,0.038,0.000,0.148,0.056,0.106
2021-08-28,0.000,0.059,0.060,0.067,0.084,0.077,0.229,0.052,0.175
2021-08-29,0.000,0.150,0.054,0.124,0.054,0.000,0.246,0.082,0.108
2021-08-30,0.018,0.153,0.047,0.086,0.018,0.031,0.207,0.066,0.158
2021-08-31,0.021,0.171,0.053,0.049,0.064,0.000,0.171,0.043,0.145
2021-09-01,0.042,0.156,0.042,0.058,0.062,0.029,0.213,0.056,0.137
2021-09-02,0.017,0.184,0.053,0.046,0.073,0.000,0.184,0.044,0.098
2021-09-03,0.027,0.077,0.066,0.068,0.112,0.095,0.284,0.038,0.143
2021-09-04,0.064,0.118,0.030,0.055,0.090,0.000,0.168,0.049,0.157
2021-09-05,0.075,0.118,0.069,0.058,0.165,0.000,0.265,0.041,0.091
2021-09-06,0.392,0.264,0.030,0.073,-0.465,-0.122,0.458,0.047,0.229
2021-09-07,0.042,0.241,0.042,0.037,0.044,0.049,0.238,0.056,0.109
2021-09-08,0.004,0.063,0.038,0.055,0.109,0.000,0.133,0.059,0.100
2021-09-09,0.057,0.167,0.045,0.048,0.052,0.000,0.127,0.051,0.120
2021-09-10,0.013,0.144,0.036,0.039,0.059,0.000,0.175,0.071,0.074
2021-09-11,0.037,0.123,0.032,0.068,0.040,0.000,0.229,0.061,0.076
2021-09-12,0.000,0.107,0.054,0.036,0.070,0.000,0.222,0.033,0.111
2021-09-13,0.013,0.093,0.037,0.032,0.044,0.000,0.102,0.043,0.085
2021-09-14,0.121,0.128,0.093,0.044,0.048,0.000,0.193,0.054,0.083
2021-09-15,0.019,0.194,0.049,0.056,0.040,0.029,0.215,0.048,0.144
2021-09-16,0.003,0.198,0.051,0.038,0.037,0.000,0.097,0.048,0.043
2021-09-17,0.005,0.053,0.037,0.043,0.057,0.000,0.303,1.000,0.062
2021-09-18,0.000,0.185,0.025,0.049,0.056,0.667,0.217,0.024,0.045
2021-09-20,0.000,0.167,0.061,0.060,0.015,0.042,0.128,0.065,0.069
2021-09-21,0.023,0.259,0.041,0.038,0.037,0.000,0.075,0.048,0.104
2021-09-22,0.013,0.231,0.048,0.040,0.031,0.029,0.098,0.054,0.075
2021-09-23,0.006,0.298,0.045,0.049,0.015,0.024,0.156,0.066,0.091
2021-09-24,0.008,0.296,0.053,0.044,0.012,0.000,0.150,0.065,0.062
2021-09-25,0.000,0.248,0.014,0.039,0.021,0.000,0.228,0.055,0.116
2021-09-26,0.000,0.245,0.019,0.045,0.039,0.000,0.269,0.062,0.035
2021-09-27,0.004,0.238,0.037,0.054,0.034,0.051,0.074,0.069,0.126
2021-09-28,0.000,0.221,0.051,0.048,0.042,0.034,0.123,0.091,0.117
2021-09-29,0.042,0.130,0.065,0.037,0.015,0.054,0.084,0.077,0.083
2021-09-30,0.086,0.111,0.071,0.044,0.041,0.020,0.020,0.065,0.079
2021-10-01,0.007,0.155,0.053,0.051,0.014,0.000,0.053,0.069,0.109
2021-10-02,0.129,0.191,0.051,0.056,0.028,0.000,0.175,0.107,0.065
2021-10-03,0.000,0.184,0.030,0.093,0.126,0.000,0.125,0.045,0.021
2021-10-04,0.000,0.279,0.046,0.079,0.011,0.000,0.267,0.110,0.067
2021-10-05,0.015,0.099,0.061,0.053,0.022,0.111,0.035,0.079,0.113
2021-10-06,0.033,0.141,0.058,0.050,0.039,0.049,0.060,0.090,0.107
2021-10-07,0.000,0.101,0.089,0.045,0.084,0.036,0.065,0.069,0.105
2021-10-08,0.018,0.225,0.053,0.039,0.081,0.061,0.091,0.076,0.061
2021-10-09,0.019,0.209,0.061,0.030,0.039,0.000,0.312,0.121,0.111
2021-10-10,0.000,0.179,0.053,0.093,0.052,0.000,0.200,0.089,0.125
2021-10-11,0.000,0.126,0.042,0.048,0.000,0.000,0.112,0.072,0.109
2021-10-12,0.000,0.126,0.073,0.063,0.026,0.019,0.135,0.083,0.087
2021-10-13,0.045,0.132,0.080,0.046,0.038,0.000,0.126,0.095,0.113
2021-10-14,0.045,0.190,0.057,0.057,0.021,0.000,0.215,0.092,0.126
2021-10-15,0.033,0.183,0.051,0.059,0.048,0.000,0.085,0.087,0.071
2021-10-16,0.012,0.188,0.073,0.041,0.085,0.000,0.057,0.118,0.050
2021-10-17,0.000,0.097,0.064,0.058,0.018,0.054,0.185,0.077,0.036
2021-10-18,0.025,0.193,0.053,0.057,0.045,0.027,0.097,0.104,0.120
2021-10-19,0.020,0.180,0.077,0.047,0.019,0.098,0.100,0.096,0.164
2021-10-20,0.042,0.098,0.077,0.044,0.034,0.000,0.297,0.095,0.133
2021-10-21,0.014,0.120,0.110,0.052,0.071,0.000,0.086,0.108,0.036
2021-10-22,0.010,0.162,0.074,0.057,0.094,0.000,0.200,0.099,0.172
2021-10-23,0.000,0.146,0.048,0.063,0.079,0.000,0.233,0.079,0.110
2021-10-24,0.019,0.232,0.070,0.047,0.065,0.087,0.200,0.102,0.037
2021-10-25,0.029,0.180,0.072,0.070,0.036,0.034,0.012,0.129,0.279
2021-10-26,0.050,0.125,0.103,0.058,0.074,0.000,0.113,0.130,0.130
2021-10-27,0.034,0.146,0.100,0.048,0.058,0.077,0.154,0.130,0.188
2021-10-28,0.000,0.094,0.083,0.049,0.038,0.048,0.094,0.113,0.186
2021-10-29,0.000,0.155,0.072,0.055,0.026,0.117,0.094,0.158,0.192
2021-10-30,0.086,0.287,0.071,0.058,0.054,0.000,0.233,0.120,0.189
2021-10-31,0.000,0.158,0.050,0.064,0.154,0.000,0.200,0.062,0.109
2021-11-01,0.030,0.231,0.109,0.033,0.000,0.028,0.538,0.135,0.218
2021-11-02,0.028,0.112,0.112,0.043,0.076,0.023,0.113,0.123,0.118
2021-11-03,0.013,0.221,0.074,0.089,0.103,0.000,0.141,0.185,0.238
2021-11-04,0.012,0.235,0.088,0.060,0.068,0.049,0.203,0.163,0.337
2021-11-05,0.061,0.173,0.079,0.056,0.074,0.040,0.095,0.170,0.191
2021-11-06,0.037,0.172,0.069,0.067,0.126,0.333,0.231,0.193,0.221
2021-11-07,0.050,0.207,0.054,0.099,0.093,0.167,0.074,0.141,0.111
2021-11-08,0.129,0.151,0.093,0.056,0.156,0.028,0.049,0.163,0.322
2021-11-09,0.068,0.124,0.092,0.069,0.090,0.041,0.306,0.184,0.328
2021-11-10,0.066,0.200,0.095,0.081,0.093,0.000,0.359,0.201,0.448
2021-11-11,0.025,0.211,0.110,0.076,0.073,0.032,0.274,0.203,0.242
2021-11-12,0.070,0.251,0.126,0.079,0.125,0.071,0.150,0.257,0.250
2021-11-13,0.063,0.242,0.090,0.080,0.090,0.000,0.373,0.166,0.181
2021-11-14,0.074,0.111,0.081,0.085,0.119,0.000,0.098,0.096,0.387
2021-11-15,0.062,0.302,0.129,0.060,0.080,0.109,0.000,0.175,0.259
2021-11-16,0.149,0.217,0.122,0.060,0.098,0.111,0.159,0.179,0.282
2021-11-17,0.062,0.185,0.114,0.074,0.089,0.179,0.083,0.168,0.234
2021-11-18,0.077,0.186,0.134,0.070,0.090,0.167,0.202,0.166,0.220
2021-11-19,0.032,0.141,0.104,0.087,0.073,0.182,0.169,0.171,0.209
2021-11-20,0.043,0.228,0.088,0.072,0.104,0.189,0.250,0.130,0.329
2021-11-21,0.000,0.171,0.164,0.056,0.083,0.067,0.375,0.136,0.222
2021-11-22,0.019,0.217,0.110,0.038,0.084,0.257,0.136,0.159,0.336
2021-11-23,0.079,0.143,0.110,0.057,0.083,0.105,0.129,0.169,0.257
2021-11-24,0.021,0.132,0.110,0.094,0.111,0.193,0.170,0.185,0.360
2021-11-25,0.074,0.162,0.117,0.082,0.038,0.173,0.163,0.160,0.286
2021-11-26,0.061,0.165,0.117,0.081,0.045,0.200,0.282,0.202,0.320
2021-11-27,0.045,0.170,0.092,0.083,0.036,0.250,0.228,0.142,0.347
2021-11-28,0.000,0.215,0.222,0.113,0.106,0.643,0.333,0.354,0.109
2021-11-29,0.115,0.163,0.116,0.042,0.071,0.395,0.070,0.186,0.287
2021-11-30,0.053,0.117,0.117,0.074,0.064,0.189,0.152,0.178,0.294
2021-12-01,0.153,0.225,0.110,0.095,0.116,0.280,0.123,0.163,0.325
2021-12-02,0.048,0.151,0.109,0.079,0.092,0.253,0.109,0.147,0.267
2021-12-03,0.032,0.150,0.112,0.104,0.061,0.171,0.239,0.140,0.333
2021-12-04,0.056,0.155,0.106,0.097,0.088,0.350,0.333,0.157,0.231
2021-12-05,0.050,0.228,0.096,0.097,0.085,0.400,0.013,0.207,0.281
2021-12-06,0.123,0.118,0.102,0.111,0.068,0.228,0.154,0.238,0.319
2021-12-07,0.067,0.124,0.159,0.094,0.153,0.240,0.160,0.209,0.383
2021-12-08,0.117,0.139,0.189,0.092,0.111,0.279,0.233,0.216,0.390
2021-12-09,0.087,0.117,0.142,0.076,0.134,0.289,0.136,0.227,0.425
2021-12-10,0.118,0.162,0.133,0.095,0.101,0.341,0.230,0.239,0.427
2021-12-11,0.125,0.226,0.123,0.100,0.149,0.667,0.176,0.214,0.468
2021-12-12,0.000,0.151,0.103,0.120,0.114,0.429,0.333,0.178,0.188
2021-12-13,0.149,0.214,0.150,0.142,0.060,0.424,0.139,0.254,0.516
2021-12-14,0.324,0.151,0.128,0.092,0.087,0.386,0.142,0.196,0.348
2021-12-15,0.077,0.133,0.121,0.089,0.107,0.424,0.149,0.228,0.390
2021-12-16,0.182,0.179,0.129,0.119,0.116,0.293,0.197,0.253,0.395
2021-12-17,0.222,0.149,0.122,0.100,0.100,0.376,0.298,0.229,0.442
2021-12-18,0.509,0.188,0.115,0.099,0.098,0.316,0.402,0.228,0.375
2021-12-19,0.072,0.162,0.227,0.150,0.125,0.800,0.226,0.230,0.484
2021-12-20,0.184,0.158,0.153,0.121,0.098,0.336,0.108,0.233,0.404
2021-12-21,0.110,0.182,0.159,0.115,0.086,0.366,0.186,0.260,0.343
2021-12-22,0.128,0.167,0.142,0.119,0.128,0.270,0.214,0.280,0.410
2021-12-23,0.128,0.192,0.186,0.136,0.109,0.251,0.223,0.254,0.442
2021-12-24,0.318,0.215,0.202,0.106,0.172,0.225,0.216,0.302,0.304
2021-12-25,0.102,0.254,0.163,0.155,0.117,0.259,0.377,0.334,0.338
2021-12-26,0.167,0.168,0.097,0.204,0.188,0.190,0.186,0.349,0.117
2021-12-27,0.237,0.230,0.220,0.086,0.132,0.158,0.273,0.384,0.354
2021-12-28,0.289,0.260,0.223,0.166,0.140,0.196,0.250,0.427,0.364
2021-12-29,0.208,0.265,0.283,0.155,0.171,0.263,0.229,0.472,0.555
2021-12-30,0.206,0.239,0.270,0.187,0.237,0.179,0.369,0.483,0.527
2021-12-31,0.242,0.263,0.248,0.213,0.158,0.123,0.457,0.470,0.432
2022-01-01,0.226,0.301,0.334,0.191,0.183,0.000,0.458,0.517,0.363
2022-01-02,0.194,0.458,0.325,0.244,0.357,0.148,0.500,0.508,0.628
2022-01-03,0.378,0.416,0.296,0.155,0.316,0.286,0.479,0.535,0.555
2022-01-04,0.384,0.395,0.420,0.158,0.293,0.228,0.421,0.545,0.643
2022-01-05,0.329,0.493,0.421,0.234,0.401,0.221,0.500,0.521,0.615
2022-01-06,0.306,0.512,0.437,0.285,0.386,0.295,0.646,0.522,0.596
2022-01-07,0.383,0.501,0.432,0.265,0.474,0.339,0.587,0.504,0.600
2022-01-08,0.429,0.506,0.457,0.306,0.510,0.467,0.599,0.485,0.588
2022-01-09,0.579,0.517,0.503,0.312,0.508,0.000,0.617,0.441,0.656
2022-01-10,0.498,0.554,0.479,0.284,0.409,0.514,0.496,0.479,0.717
2022-01-11,0.400,0.555,0.521,0.341,0.521,0.458,0.641,0.425,0.689
2022-01-12,0.391,0.578,0.566,0.383,0.668,0.444,0.651,0.425,0.698
2022-01-13,0.399,0.583,0.539,0.421,0.597,0.548,0.633,0.392,0.718
2022-01-14,0.455,0.527,0.564,0.458,0.601,0.489,0.703,0.345,0.710
2022-01-15,0.419,0.554,0.545,0.444,0.589,0.383,0.673,0.310,0.670
2022-01-16,0.307,0.527,0.563,0.409,0.654,0.500,0.673,0.315,0.591
2022-01-17,0.388,0.588,0.538,0.335,0.585,0.642,0.658,0.325,0.626
2022-01-18,0.351,0.534,0.542,0.439,0.509,0.663,0.609,0.286,0.632
2022-01-19,0.310,0.542,0.529,0.473,0.495,0.565,0.658,0.271,0.575
2022-01-20,0.312,0.507,0.479,0.473,0.531,0.533,0.712,0.225,0.630
2022-01-21,0.326,0.493,0.506,0.544,0.502,0.556,0.746,0.221,0.620
2022-01-22,0.374,0.450,0.528,0.441,0.476,0.477,0.674,0.204,0.610
2022-01-23,0.464,0.480,0.551,0.437,0.381,0.706,0.686,0.214,0.609
2022-01-24,0.388,0.445,0.456,0.390,0.509,0.568,0.353,0.264,0.596
